<?xml version="1.0" encoding="utf-8" ?>
<!-- _lcid="1033" _version="11.0.5510" _dal="1" -->
<!-- _LocalBinding -->
            <List xmlns:ows="Microsoft SharePoint" Name="Voting" Title="Vote/Survey" Direction="0" Url="Lists/voting" BaseType="4" >
            
               <MetaData>
                  <Fields>
                  </Fields>
                  <Views>
                     <View BaseViewID="0" FreeForm="TRUE" ReadOnly="TRUE" Type="HTML">
                        <Toolbar Type="Freeform"></Toolbar>
                        <Toolbar Position="After" Type="Freeform"><HTML><![CDATA[ <table width=100% cellpadding=0 cellspacing=0 border=0 > <tr> <td colspan="2" class="ms-partline"><IMG SRC="/_layouts/images/blank.gif" width=1 height=1 alt=""></td> </tr> <tr> <td class="ms-addnew" style="padding-bottom: 3px"> <img src="/_layouts/images/rect.gif" alt="">&nbsp;<a class="ms-addnew" ID="idNewSurveyResponse" href="]]></HTML><URL Cmd="New"/><HTML><![CDATA[" ONCLICK="javascript:NewItem(']]></HTML><URL Cmd="New"/><HTML><![CDATA[', true);javascript:return false;" target="_self">]]></HTML> <HTML>Respond to this Survey</HTML><HTML><![CDATA[</a> </td> </tr> <tr><td><IMG SRC="/_layouts/images/blank.gif" width=1 height=5 alt=""></td></tr> </table>]]></HTML></Toolbar>
                        <ViewFields>
                        </ViewFields>
                        <ViewEmpty>
                        <HTML><![CDATA[
                            <TABLE class="ms-summarystandardbody" border=0 rules=rows> <TR> <TD class="ms-formlabel" ID="overview01">]]><![CDATA[Survey Name:]]><![CDATA[</TD> <TD class="ms-formbody">]]></HTML><ListProperty Select="Title" HTMLEncode="TRUE"/><HTML><![CDATA[</TD> </TR> <TR> <TD class="ms-formlabel" valign="top" ID="overview02">]]><![CDATA[Survey Description:]]><![CDATA[</TD> <TD class="ms-formbody">]]></HTML><ListProperty Select="Description" AutoHyperLink="TRUE"/><HTML><![CDATA[</TD> </TR> <TR> <TD class="ms-formlabel" ID="overview03">]]><![CDATA[Time Created:]]><![CDATA[</TD> <TD class="ms-formbody">]]></HTML><ListProperty Select="Created" HTMLEncode="TRUE"/><HTML><![CDATA[</TD> </TR> <TR> <TD Class="ms-formlabel" ID="overview04">]]><![CDATA[Number of Responses:]]><![CDATA[</TD> <TD Class="ms-formbody">]]></HTML> <ListProperty Select="ItemCount" ForInstance="TRUE"/><HTML><![CDATA[</TD> </TR> <TR> <TD><IMG SRC="/_layouts/images/blank.gif" width=1 height=1 alt=""></TD> </TR> </TABLE>
                        ]]></HTML>
                        </ViewEmpty>
                     </View>
                     <View BaseViewID="3" Type="HTML" WebPartZoneID="Main" DefaultView="TRUE" DisplayName="Overview" Url="overview.aspx" FreeForm="TRUE" ReadOnly="TRUE">
<Toolbar Type="Standard">
<HTML><![CDATA[
  <SCRIPT>
  var varPageUrl]]></HTML><GetVar Name="WPQ"/><HTML><![CDATA[ = "]]></HTML><ScriptQuote NotAddingQuote="TRUE"><PageUrl/></ScriptQuote><HTML><![CDATA[";
  </SCRIPT>]]></HTML>
  <HTML><![CDATA[
  <TABLE cellpadding=2 cellspacing=0 class="ms-toolbar" style="margin-left: 3px;">
   <TR>
          <TD class="ms-toolbar"> <table cellpadding=1 cellspacing=0 border=0> <tr> <td class="ms-toolbar" nowrap> <a tabindex=2 ID=diidIONewItem class="ms-toolbar" title=]]></HTML><HTML>"New"</HTML><HTML><![CDATA[ ACCESSKEY=N href="]]></HTML><URL Cmd="New"/><HTML><![CDATA[" onclick="javascript:NewItem(']]></HTML><URL Cmd="New"/><HTML><![CDATA[');javascript:return false;" target=_self> <img src="/_layouts/images/newitem.gif" ID="tbbuttonstart1" alt=]]></HTML><HTML>"New"</HTML><HTML><![CDATA[ border=0 width=16 height=16></a></td> <td nowrap> <a tabindex=2 ID=diidIONewItem class="ms-toolbar" ACCESSKEY=N href="]]></HTML><URL Cmd="New"/><HTML><![CDATA[" onclick="javascript:NewItem(']]></HTML><URL Cmd="New"/><HTML><![CDATA[');javascript:return false;" target=_self>
             <LocID ID="L_NewItem">]]></HTML><HTML>Respond to this Survey</HTML><HTML><![CDATA[</LocID>
          </a> </td> </tr> </table> </TD>
    <TD class=ms-separator>|<img src="/_layouts/images/blank.gif" border=0 width=0 height=0 onerror=CatchCreateError onload="EnsureSSImporter()" alt=""></TD>
       <TD class="ms-toolbar"> <table cellpadding=1 cellspacing=0 border=0> <tr> <td class="ms-toolbar" nowrap> <a tabindex=2 ID=diidIOExportToSpreadsheet class="ms-toolbar" title=]]></HTML><HTML>"Export to spreadsheet"</HTML><HTML><![CDATA[ ACCESSKEY=P href="]]></HTML><HttpPath/><HTML><![CDATA[&Using=_layouts/query.iqy&List=]]></HTML><List/><HTML><![CDATA[&View=]]></HTML><GetVar Name="View"/><HTML><![CDATA[&CacheControl=1" onclick="javaScript:ExportList(']]></HTML><HttpPath/><HTML><![CDATA[&Using=_layouts/query.iqy&List=]]></HTML><List/><HTML><![CDATA[&View=]]></HTML><GetVar Name="View"/><HTML><![CDATA[&CacheControl=1');javascript:return false;" target=_self> <img src="/_layouts/images/tbsprsht.gif" ID="tbbuttonstart1" alt=]]></HTML><HTML>"Export to spreadsheet"</HTML><HTML><![CDATA[ border=0 width=16 height=16></a></td> <td nowrap> <a tabindex=2 ID=diidIOExportToSpreadsheet class="ms-toolbar" ACCESSKEY=P href="]]></HTML><HttpPath/><HTML><![CDATA[&Using=_layouts/query.iqy&List=]]></HTML><List/><HTML><![CDATA[&View=]]></HTML><GetVar Name="View"/><HTML><![CDATA[&CacheControl=1" onclick="javaScript:ExportList(']]></HTML><HttpPath/><HTML><![CDATA[&Using=_layouts/query.iqy&List=]]></HTML><List/><HTML><![CDATA[&View=]]></HTML><GetVar Name="View"/><HTML><![CDATA[&CacheControl=1');javascript:return false;" target=_self>
            <LocID ID="L_ExportToSpreadsheet">]]></HTML><HTML>Export Results to a spreadsheet</HTML><HTML><![CDATA[</LocID>
       </a> </td> </tr> </table> </TD>
    ]]></HTML><Switch>
    <Expr>
       <GetVar Name="SurveyResults"/>
    </Expr>
    <Case Value="1"><HTML><![CDATA[
      <TD class=ms-separator>|</TD>
      <TD class="ms-toolbar" nowrap>
      <table cellpadding=1 cellspacing=0 border=0>
      <tr>
        <td nowrap>
	<a class="ms-toolbar" ACCESSKEY=G ID=diidToSurvey href="summary.htm">
			<LocID ID="L_BackToSurvey">]]></HTML><HTML>Go Back to Survey</HTML><HTML><![CDATA[</LocID>
		</a>
		</td>
      </tr>
      </table>
      </TD>]]></HTML>
    </Case>
    <Default/>
    </Switch><HTML><![CDATA[
]]></HTML>
<Switch>
    <Expr><ListProperty Select="MultipleMtgDataList"/></Expr>
    <Case Value="1">
        <Switch>
            <Expr><MeetingProperty Select="MeetingCount"/></Expr>
            <Case Value="0"/>
            <Case Value="1"/>
            <Default>
                <Switch>
                    <Expr><GetVar Name="GridView"/></Expr>
                    <Case Value="1"/>
                    <Default>
                        <Switch>
                            <Expr><GetVar Name="InstanceID"/></Expr>
                            <Case Value="ALL">
                                <HTML><![CDATA[
                                    <TD class=ms-separator>|</TD>
                                       <TD class="ms-toolbar"> <table cellpadding=1 cellspacing=0 border=0> <tr> <td class="ms-toolbar" nowrap> <a tabindex=2 ID=diidAllMtgsButton class="ms-toolbar" title=]]></HTML><HTML>"Show Data from This Meeting only"</HTML><HTML><![CDATA[ ACCESSKEY=T href="javascript:" onclick="javascript:SubmitFormPost(']]></HTML><PageUrl/><HTML><![CDATA[?InstanceID=&View=]]></HTML><GetVar Name="View"/><HTML><![CDATA[');javascript:return false;"> <img src="/_layouts/images/thismeet.gif" ID="tbbuttonstart1" alt=]]></HTML><HTML>"Show Data from This Meeting only"</HTML><HTML><![CDATA[ border=0 width=16 height=16></a></td> <td nowrap> <a tabindex=2 ID=diidAllMtgsButton class="ms-toolbar" ACCESSKEY=T href="javascript:" onclick="javascript:SubmitFormPost(']]></HTML><PageUrl/><HTML><![CDATA[?InstanceID=&View=]]></HTML><GetVar Name="View"/><HTML><![CDATA[');javascript:return false;">
                                             ]]></HTML><HTML>This Meeting</HTML><HTML><![CDATA[
                                       </a> </td> </tr> </table> </TD>
                                ]]></HTML>
                            </Case>
                            <Default>
                                <HTML><![CDATA[
                                    <TD class=ms-separator>|</TD>
                                       <TD class="ms-toolbar"> <table cellpadding=1 cellspacing=0 border=0> <tr> <td class="ms-toolbar" nowrap> <a tabindex=2 ID=diidAllMtgsButton class="ms-toolbar" title=]]></HTML><HTML>"Show Data from All Meetings"</HTML><HTML><![CDATA[ ACCESSKEY=T href="javascript:" onclick="javascript:SubmitFormPost(']]></HTML><PageUrl/><HTML><![CDATA[?InstanceID=ALL&View=]]></HTML><GetVar Name="View"/><HTML><![CDATA[');javascript:return false;"> <img src="/_layouts/images/allmeet.gif" ID="tbbuttonstart1" alt=]]></HTML><HTML>"Show Data from All Meetings"</HTML><HTML><![CDATA[ border=0 width=16 height=16></a></td> <td nowrap> <a tabindex=2 ID=diidAllMtgsButton class="ms-toolbar" ACCESSKEY=T href="javascript:" onclick="javascript:SubmitFormPost(']]></HTML><PageUrl/><HTML><![CDATA[?InstanceID=ALL&View=]]></HTML><GetVar Name="View"/><HTML><![CDATA[');javascript:return false;">
                                             ]]></HTML><HTML>All Meetings</HTML><HTML><![CDATA[
                                       </a> </td> </tr> </table> </TD>
                                ]]></HTML>
                            </Default>
                        </Switch>        
                    </Default>
                </Switch>        
            </Default>
        </Switch>        
    </Case>
</Switch>
<HTML><![CDATA[
]]></HTML>
<Switch><Expr><GetVar Name="CalView"/></Expr>
<Case Value="1">
<HTML><![CDATA[
    <TD class=ms-separator>|</TD>
    <TD class="ms-toolbar" nowrap>
    <table cellpadding=1 cellspacing=0 border=0>
    <tr>
        <td nowrap>
			<a class="ms-toolbar" tabindex=0 ACCESSKEY=S ID=diidCalTodayButton HREF="javascript:cal.MoveToToday();">
			<LocID ID="L_CalToday">]]></HTML><HTML>Today</HTML><HTML><![CDATA[</LocID>
		</a>
		</td>
    </tr>
    </table>
    </TD>
]]></HTML></Case>
<Default/>
</Switch> 
<HTML><![CDATA[
]]></HTML>
<Switch><Expr><GetVar Name="CalView"/></Expr>
<Case Value="1">
<HTML><![CDATA[
    <TD class=ms-separator>|</TD>
    <TD class="ms-toolbar" nowrap>
    <table cellpadding=1 cellspacing=0 border=0>
    <tr>
        <td nowrap>
			<a class="ms-toolbar" tabindex=0 ACCESSKEY=S ID=diidCalViewByDayButton HREF="javascript:cal.MoveDay(0);">
			<LocID ID="L_ByDay">]]></HTML><HTML>View by Day</HTML><HTML><![CDATA[</LocID>
		</a>
		</td>
    </tr>
    </table>
    </TD>
]]></HTML></Case>
<Default/>
</Switch> 
<HTML><![CDATA[
]]></HTML>
<Switch><Expr><GetVar Name="CalView"/></Expr>
<Case Value="1">
<HTML><![CDATA[
    <TD class=ms-separator>|</TD>
    <TD class="ms-toolbar" nowrap>
    <table cellpadding=1 cellspacing=0 border=0>
    <tr>
        <td nowrap>
			<a class="ms-toolbar" tabindex=0 ACCESSKEY=S ID=diidCalViewByWeekButton HREF="javascript:cal.MoveWeek(0);">
			<LocID ID="L_ByWeek">]]></HTML><HTML>View by Week</HTML><HTML><![CDATA[</LocID>
		</a>
		</td>
    </tr>
    </table>
    </TD>
]]></HTML></Case>
<Default/>
</Switch> 
<HTML><![CDATA[
]]></HTML>
<Switch><Expr><GetVar Name="CalView"/></Expr>
<Case Value="1">
<HTML><![CDATA[
    <TD class=ms-separator>|</TD>
    <TD class="ms-toolbar" nowrap>
    <table cellpadding=1 cellspacing=0 border=0>
    <tr>
        <td nowrap>
        <a class="ms-toolbar" tabindex=0 ACCESSKEY=S ID=diidCalViewByMonthButton HREF="javascript:cal.MoveMonth(0);">
			<LocID ID="L_ByMonth">]]></HTML><HTML>View by Month</HTML><HTML><![CDATA[</LocID>
		</a>
		</td>
    </tr>
    </table>
    </TD>
]]></HTML></Case>
<Default/>
</Switch> 
<HTML><![CDATA[
]]></HTML>
<Switch><Expr><GetVar Name="GridView"/></Expr>
<Case Value="1">
<Switch><Expr><GetVar Name="ShowInGrid"/></Expr>
	<Case Value="True">
		<HTML><![CDATA[
			<TD class=ms-separator>|</TD>
		]]></HTML>
	</Case>
	<Default>
		<Switch><Expr><GetVar Name="ModListAllItemsView"/></Expr>
		<Case Value="1">
		</Case>
		<Default>
		<HTML><![CDATA[
			<TD class=ms-separator>|</TD>
		]]></HTML>
		</Default>
		</Switch>
	</Default>
</Switch>
<HTML><![CDATA[
    	<TD class="ms-toolbar"> <table cellpadding=1 cellspacing=0 border=0> <tr> <td class="ms-toolbar" nowrap> <a tabindex=2 ID=diidShowHideTaskPane class="ms-toolbar" title=]]></HTML><HTML>"Task Pane"</HTML><HTML><![CDATA[ ACCESSKEY=S href="javascript:" onclick="javaScript:]]></HTML><GetVar Name="WPQ"/><HTML><![CDATA[ShowHideTaskPane();javascript:return false;" target=_self> <img src="/_layouts/images/taskpane.gif" ID="tbbuttonstart1" alt=]]></HTML><HTML>"Task Pane"</HTML><HTML><![CDATA[ border=0 width=16 height=16></a></td> <td nowrap> <a tabindex=2 ID=diidShowHideTaskPane class="ms-toolbar" ACCESSKEY=S href="javascript:" onclick="javaScript:]]></HTML><GetVar Name="WPQ"/><HTML><![CDATA[ShowHideTaskPane();javascript:return false;" target=_self>
            <LocID ID="L_ShowHideTaskPane">]]></HTML><HTML>Task Pane</HTML><HTML><![CDATA[</LocID>
    	</a> </td> </tr> </table> </TD>
    <TD class=ms-separator>|</TD>
    	<TD class="ms-toolbar"> <table cellpadding=1 cellspacing=0 border=0> <tr> <td class="ms-toolbar" nowrap> <a tabindex=2 ID=diidShowHideTotalsRow class="ms-toolbar" title=]]></HTML><HTML>"Totals"</HTML><HTML><![CDATA[ ACCESSKEY=O href="javascript:" onclick="javaScript:]]></HTML><GetVar Name="WPQ"/><HTML><![CDATA[ShowHideTotalsRow();javascript:return false;" target=_self> <img src="/_layouts/images/totalrow.gif" ID="tbbuttonstart1" alt=]]></HTML><HTML>"Totals"</HTML><HTML><![CDATA[ border=0 width=16 height=16></a></td> <td nowrap> <a tabindex=2 ID=diidShowHideTotalsRow class="ms-toolbar" ACCESSKEY=O href="javascript:" onclick="javaScript:]]></HTML><GetVar Name="WPQ"/><HTML><![CDATA[ShowHideTotalsRow();javascript:return false;" target=_self>
            <LocID ID="L_ShowHideTotalsRow">]]></HTML><HTML>Totals</HTML><HTML><![CDATA[</LocID>
    	</a> </td> </tr> </table> </TD>
    <TD class=ms-separator>|</TD>
    	<TD class="ms-toolbar"> <table cellpadding=1 cellspacing=0 border=0> <tr> <td class="ms-toolbar" nowrap> <a tabindex=2 ID=diidRefresh class="ms-toolbar" title=]]></HTML><HTML>"Refresh Data"</HTML><HTML><![CDATA[ ACCESSKEY=R href="javascript:" onclick="javaScript:]]></HTML><GetVar Name="WPQ"/><HTML><![CDATA[Refresh();javascript:return false;" target=_self> <img src="/_layouts/images/grefresh.gif" ID="tbbuttonstart1" alt=]]></HTML><HTML>"Refresh Data"</HTML><HTML><![CDATA[ border=0 width=16 height=16></a></td> <td nowrap> <a tabindex=2 ID=diidRefresh class="ms-toolbar" ACCESSKEY=R href="javascript:" onclick="javaScript:]]></HTML><GetVar Name="WPQ"/><HTML><![CDATA[Refresh();javascript:return false;" target=_self>
            <LocID ID="L_Refresh">]]></HTML><HTML>Refresh Data</HTML><HTML><![CDATA[</LocID>
    	</a> </td> </tr> </table> </TD>
]]></HTML></Case>
<Default/>
</Switch> 
<HTML><![CDATA[
    <TD width=99% class="ms-toolbar">&nbsp;</TD>
   </TR>
  </TABLE>
  <table width=100% border=0 cellpadding=0 cellspacing=2>
  <tr>
   <td colspan=8 height=3><IMG SRC="/_layouts/images/blank.gif" width=1 height=3 alt=""></td>
  </tr>
  </table>
]]></HTML>
</Toolbar>
                        <ViewFields>
                             <FieldRef Name="Author"/>
                        </ViewFields>
                        <ViewEmpty>
                        <HTML><![CDATA[
                        <TABLE class="ms-summarystandardbody" border=0 rules=rows> <TR> <TD class="ms-formlabel" ID="overview01">]]><![CDATA[Survey Name:]]><![CDATA[</TD> <TD class="ms-formbody">]]></HTML><ListProperty Select="Title" HTMLEncode="TRUE"/><HTML><![CDATA[</TD> </TR> <TR> <TD class="ms-formlabel" valign="top" ID="overview02">]]><![CDATA[Survey Description:]]><![CDATA[</TD> <TD class="ms-formbody">]]></HTML><ListProperty Select="Description" AutoHyperLink="TRUE"/><HTML><![CDATA[</TD> </TR> <TR> <TD class="ms-formlabel" ID="overview03">]]><![CDATA[Time Created:]]><![CDATA[</TD> <TD class="ms-formbody">]]></HTML><ListProperty Select="Created" HTMLEncode="TRUE"/><HTML><![CDATA[</TD> </TR> <TR> <TD Class="ms-formlabel" ID="overview04">]]><![CDATA[Number of Responses:]]><![CDATA[</TD> <TD Class="ms-formbody">]]></HTML> <ListProperty Select="ItemCount" ForInstance="TRUE"/><HTML><![CDATA[</TD> </TR> <TR> <TD><IMG SRC="/_layouts/images/blank.gif" width=1 height=1 alt=""></TD> </TR> </TABLE>
                        <TABLE border=0>
	                        <tr><td><img src="/_layouts/images/blank.gif" width=1 height=4></td></tr>
	                        <tr>
	                            <td nowrap>
	                            <img src="/_layouts/images/rect.gif"><span class=ms-toolbar>&nbsp;</span>
	                            <a class="ms-toolbar" ACCESSKEY=R ID=diidSurveyResults HREF="]]></HTML><ListUrlDir HTMLEncode="TRUE"/><HTML><![CDATA[/summary.aspx">Show a graphical summary of responses</a>
	                            <span class=ms-toolbar>&nbsp;</span>
	                            </td>
	                        </tr>
	                        <tr>
	                            <td nowrap>
	                            <img src="/_layouts/images/rect.gif"><span class=ms-toolbar>&nbsp;</span>
	                            <a class="ms-toolbar" ACCESSKEY=U ID=diidResultsByUser HREF="]]></HTML><ListUrlDir HTMLEncode="TRUE"/><HTML><![CDATA[/AllItems.aspx">Show all responses</a>
	                            <span class=ms-toolbar>&nbsp;</span>
	                            </td>
	                        </tr>
                        </TABLE>  
                        ]]></HTML>
                        </ViewEmpty>
                     </View>
                     <View BaseViewID="1" Type="CHART" WebPartZoneID="Main" DisplayName="Graphical Summary" Url="summary.aspx" FreeForm="TRUE" ReadOnly="TRUE">
<Toolbar Type="Standard">
<HTML><![CDATA[
  <SCRIPT>
  var varPageUrl]]></HTML><GetVar Name="WPQ"/><HTML><![CDATA[ = "]]></HTML><ScriptQuote NotAddingQuote="TRUE"><PageUrl/></ScriptQuote><HTML><![CDATA[";
  </SCRIPT>]]></HTML>
  <HTML><![CDATA[
  <TABLE cellpadding=2 cellspacing=0 class="ms-toolbar" style="margin-left: 3px;">
   <TR>
          <TD class="ms-toolbar"> <table cellpadding=1 cellspacing=0 border=0> <tr> <td class="ms-toolbar" nowrap> <a tabindex=2 ID=diidIONewItem class="ms-toolbar" title=]]></HTML><HTML>"New"</HTML><HTML><![CDATA[ ACCESSKEY=N href="]]></HTML><URL Cmd="New"/><HTML><![CDATA[" onclick="javascript:NewItem(']]></HTML><URL Cmd="New"/><HTML><![CDATA[');javascript:return false;" target=_self> <img src="/_layouts/images/newitem.gif" ID="tbbuttonstart1" alt=]]></HTML><HTML>"New"</HTML><HTML><![CDATA[ border=0 width=16 height=16></a></td> <td nowrap> <a tabindex=2 ID=diidIONewItem class="ms-toolbar" ACCESSKEY=N href="]]></HTML><URL Cmd="New"/><HTML><![CDATA[" onclick="javascript:NewItem(']]></HTML><URL Cmd="New"/><HTML><![CDATA[');javascript:return false;" target=_self>
             <LocID ID="L_NewItem">]]></HTML><HTML>Respond to this Survey</HTML><HTML><![CDATA[</LocID>
          </a> </td> </tr> </table> </TD>
    <TD class=ms-separator>|<img src="/_layouts/images/blank.gif" border=0 width=0 height=0 onerror=CatchCreateError onload="EnsureSSImporter()" alt=""></TD>
       <TD class="ms-toolbar"> <table cellpadding=1 cellspacing=0 border=0> <tr> <td class="ms-toolbar" nowrap> <a tabindex=2 ID=diidIOExportToSpreadsheet class="ms-toolbar" title=]]></HTML><HTML>"Export to spreadsheet"</HTML><HTML><![CDATA[ ACCESSKEY=P href="]]></HTML><HttpPath/><HTML><![CDATA[&Using=_layouts/query.iqy&List=]]></HTML><List/><HTML><![CDATA[&View=]]></HTML><GetVar Name="View"/><HTML><![CDATA[&CacheControl=1" onclick="javaScript:ExportList(']]></HTML><HttpPath/><HTML><![CDATA[&Using=_layouts/query.iqy&List=]]></HTML><List/><HTML><![CDATA[&View=]]></HTML><GetVar Name="View"/><HTML><![CDATA[&CacheControl=1');javascript:return false;" target=_self> <img src="/_layouts/images/tbsprsht.gif" ID="tbbuttonstart1" alt=]]></HTML><HTML>"Export to spreadsheet"</HTML><HTML><![CDATA[ border=0 width=16 height=16></a></td> <td nowrap> <a tabindex=2 ID=diidIOExportToSpreadsheet class="ms-toolbar" ACCESSKEY=P href="]]></HTML><HttpPath/><HTML><![CDATA[&Using=_layouts/query.iqy&List=]]></HTML><List/><HTML><![CDATA[&View=]]></HTML><GetVar Name="View"/><HTML><![CDATA[&CacheControl=1" onclick="javaScript:ExportList(']]></HTML><HttpPath/><HTML><![CDATA[&Using=_layouts/query.iqy&List=]]></HTML><List/><HTML><![CDATA[&View=]]></HTML><GetVar Name="View"/><HTML><![CDATA[&CacheControl=1');javascript:return false;" target=_self>
            <LocID ID="L_ExportToSpreadsheet">]]></HTML><HTML>Export Results to a spreadsheet</HTML><HTML><![CDATA[</LocID>
       </a> </td> </tr> </table> </TD>
    ]]></HTML><Switch>
    <Expr>
       <GetVar Name="SurveyResults"/>
    </Expr>
    <Case Value="1"><HTML><![CDATA[
      <TD class=ms-separator>|</TD>
      <TD class="ms-toolbar" nowrap>
      <table cellpadding=1 cellspacing=0 border=0>
      <tr>
        <td nowrap>
	<a class="ms-toolbar" ACCESSKEY=G ID=diidToSurvey href="summary.htm">
			<LocID ID="L_BackToSurvey">]]></HTML><HTML>Go Back to Survey</HTML><HTML><![CDATA[</LocID>
		</a>
		</td>
      </tr>
      </table>
      </TD>]]></HTML>
    </Case>
    <Default/>
    </Switch><HTML><![CDATA[
]]></HTML>
<Switch>
    <Expr><ListProperty Select="MultipleMtgDataList"/></Expr>
    <Case Value="1">
        <Switch>
            <Expr><MeetingProperty Select="MeetingCount"/></Expr>
            <Case Value="0"/>
            <Case Value="1"/>
            <Default>
                <Switch>
                    <Expr><GetVar Name="GridView"/></Expr>
                    <Case Value="1"/>
                    <Default>
                        <Switch>
                            <Expr><GetVar Name="InstanceID"/></Expr>
                            <Case Value="ALL">
                                <HTML><![CDATA[
                                    <TD class=ms-separator>|</TD>
                                       <TD class="ms-toolbar"> <table cellpadding=1 cellspacing=0 border=0> <tr> <td class="ms-toolbar" nowrap> <a tabindex=2 ID=diidAllMtgsButton class="ms-toolbar" title=]]></HTML><HTML>"Show Data from This Meeting only"</HTML><HTML><![CDATA[ ACCESSKEY=T href="javascript:" onclick="javascript:SubmitFormPost(']]></HTML><PageUrl/><HTML><![CDATA[?InstanceID=&View=]]></HTML><GetVar Name="View"/><HTML><![CDATA[');javascript:return false;"> <img src="/_layouts/images/thismeet.gif" ID="tbbuttonstart1" alt=]]></HTML><HTML>"Show Data from This Meeting only"</HTML><HTML><![CDATA[ border=0 width=16 height=16></a></td> <td nowrap> <a tabindex=2 ID=diidAllMtgsButton class="ms-toolbar" ACCESSKEY=T href="javascript:" onclick="javascript:SubmitFormPost(']]></HTML><PageUrl/><HTML><![CDATA[?InstanceID=&View=]]></HTML><GetVar Name="View"/><HTML><![CDATA[');javascript:return false;">
                                             ]]></HTML><HTML>This Meeting</HTML><HTML><![CDATA[
                                       </a> </td> </tr> </table> </TD>
                                ]]></HTML>
                            </Case>
                            <Default>
                                <HTML><![CDATA[
                                    <TD class=ms-separator>|</TD>
                                       <TD class="ms-toolbar"> <table cellpadding=1 cellspacing=0 border=0> <tr> <td class="ms-toolbar" nowrap> <a tabindex=2 ID=diidAllMtgsButton class="ms-toolbar" title=]]></HTML><HTML>"Show Data from All Meetings"</HTML><HTML><![CDATA[ ACCESSKEY=T href="javascript:" onclick="javascript:SubmitFormPost(']]></HTML><PageUrl/><HTML><![CDATA[?InstanceID=ALL&View=]]></HTML><GetVar Name="View"/><HTML><![CDATA[');javascript:return false;"> <img src="/_layouts/images/allmeet.gif" ID="tbbuttonstart1" alt=]]></HTML><HTML>"Show Data from All Meetings"</HTML><HTML><![CDATA[ border=0 width=16 height=16></a></td> <td nowrap> <a tabindex=2 ID=diidAllMtgsButton class="ms-toolbar" ACCESSKEY=T href="javascript:" onclick="javascript:SubmitFormPost(']]></HTML><PageUrl/><HTML><![CDATA[?InstanceID=ALL&View=]]></HTML><GetVar Name="View"/><HTML><![CDATA[');javascript:return false;">
                                             ]]></HTML><HTML>All Meetings</HTML><HTML><![CDATA[
                                       </a> </td> </tr> </table> </TD>
                                ]]></HTML>
                            </Default>
                        </Switch>        
                    </Default>
                </Switch>        
            </Default>
        </Switch>        
    </Case>
</Switch>
<HTML><![CDATA[
]]></HTML>
<Switch><Expr><GetVar Name="CalView"/></Expr>
<Case Value="1">
<HTML><![CDATA[
    <TD class=ms-separator>|</TD>
    <TD class="ms-toolbar" nowrap>
    <table cellpadding=1 cellspacing=0 border=0>
    <tr>
        <td nowrap>
			<a class="ms-toolbar" tabindex=0 ACCESSKEY=S ID=diidCalTodayButton HREF="javascript:cal.MoveToToday();">
			<LocID ID="L_CalToday">]]></HTML><HTML>Today</HTML><HTML><![CDATA[</LocID>
		</a>
		</td>
    </tr>
    </table>
    </TD>
]]></HTML></Case>
<Default/>
</Switch> 
<HTML><![CDATA[
]]></HTML>
<Switch><Expr><GetVar Name="CalView"/></Expr>
<Case Value="1">
<HTML><![CDATA[
    <TD class=ms-separator>|</TD>
    <TD class="ms-toolbar" nowrap>
    <table cellpadding=1 cellspacing=0 border=0>
    <tr>
        <td nowrap>
			<a class="ms-toolbar" tabindex=0 ACCESSKEY=S ID=diidCalViewByDayButton HREF="javascript:cal.MoveDay(0);">
			<LocID ID="L_ByDay">]]></HTML><HTML>View by Day</HTML><HTML><![CDATA[</LocID>
		</a>
		</td>
    </tr>
    </table>
    </TD>
]]></HTML></Case>
<Default/>
</Switch> 
<HTML><![CDATA[
]]></HTML>
<Switch><Expr><GetVar Name="CalView"/></Expr>
<Case Value="1">
<HTML><![CDATA[
    <TD class=ms-separator>|</TD>
    <TD class="ms-toolbar" nowrap>
    <table cellpadding=1 cellspacing=0 border=0>
    <tr>
        <td nowrap>
			<a class="ms-toolbar" tabindex=0 ACCESSKEY=S ID=diidCalViewByWeekButton HREF="javascript:cal.MoveWeek(0);">
			<LocID ID="L_ByWeek">]]></HTML><HTML>View by Week</HTML><HTML><![CDATA[</LocID>
		</a>
		</td>
    </tr>
    </table>
    </TD>
]]></HTML></Case>
<Default/>
</Switch> 
<HTML><![CDATA[
]]></HTML>
<Switch><Expr><GetVar Name="CalView"/></Expr>
<Case Value="1">
<HTML><![CDATA[
    <TD class=ms-separator>|</TD>
    <TD class="ms-toolbar" nowrap>
    <table cellpadding=1 cellspacing=0 border=0>
    <tr>
        <td nowrap>
        <a class="ms-toolbar" tabindex=0 ACCESSKEY=S ID=diidCalViewByMonthButton HREF="javascript:cal.MoveMonth(0);">
			<LocID ID="L_ByMonth">]]></HTML><HTML>View by Month</HTML><HTML><![CDATA[</LocID>
		</a>
		</td>
    </tr>
    </table>
    </TD>
]]></HTML></Case>
<Default/>
</Switch> 
<HTML><![CDATA[
]]></HTML>
<Switch><Expr><GetVar Name="GridView"/></Expr>
<Case Value="1">
<Switch><Expr><GetVar Name="ShowInGrid"/></Expr>
	<Case Value="True">
		<HTML><![CDATA[
			<TD class=ms-separator>|</TD>
		]]></HTML>
	</Case>
	<Default>
		<Switch><Expr><GetVar Name="ModListAllItemsView"/></Expr>
		<Case Value="1">
		</Case>
		<Default>
		<HTML><![CDATA[
			<TD class=ms-separator>|</TD>
		]]></HTML>
		</Default>
		</Switch>
	</Default>
</Switch>
<HTML><![CDATA[
    	<TD class="ms-toolbar"> <table cellpadding=1 cellspacing=0 border=0> <tr> <td class="ms-toolbar" nowrap> <a tabindex=2 ID=diidShowHideTaskPane class="ms-toolbar" title=]]></HTML><HTML>"Task Pane"</HTML><HTML><![CDATA[ ACCESSKEY=S href="javascript:" onclick="javaScript:]]></HTML><GetVar Name="WPQ"/><HTML><![CDATA[ShowHideTaskPane();javascript:return false;" target=_self> <img src="/_layouts/images/taskpane.gif" ID="tbbuttonstart1" alt=]]></HTML><HTML>"Task Pane"</HTML><HTML><![CDATA[ border=0 width=16 height=16></a></td> <td nowrap> <a tabindex=2 ID=diidShowHideTaskPane class="ms-toolbar" ACCESSKEY=S href="javascript:" onclick="javaScript:]]></HTML><GetVar Name="WPQ"/><HTML><![CDATA[ShowHideTaskPane();javascript:return false;" target=_self>
            <LocID ID="L_ShowHideTaskPane">]]></HTML><HTML>Task Pane</HTML><HTML><![CDATA[</LocID>
    	</a> </td> </tr> </table> </TD>
    <TD class=ms-separator>|</TD>
    	<TD class="ms-toolbar"> <table cellpadding=1 cellspacing=0 border=0> <tr> <td class="ms-toolbar" nowrap> <a tabindex=2 ID=diidShowHideTotalsRow class="ms-toolbar" title=]]></HTML><HTML>"Totals"</HTML><HTML><![CDATA[ ACCESSKEY=O href="javascript:" onclick="javaScript:]]></HTML><GetVar Name="WPQ"/><HTML><![CDATA[ShowHideTotalsRow();javascript:return false;" target=_self> <img src="/_layouts/images/totalrow.gif" ID="tbbuttonstart1" alt=]]></HTML><HTML>"Totals"</HTML><HTML><![CDATA[ border=0 width=16 height=16></a></td> <td nowrap> <a tabindex=2 ID=diidShowHideTotalsRow class="ms-toolbar" ACCESSKEY=O href="javascript:" onclick="javaScript:]]></HTML><GetVar Name="WPQ"/><HTML><![CDATA[ShowHideTotalsRow();javascript:return false;" target=_self>
            <LocID ID="L_ShowHideTotalsRow">]]></HTML><HTML>Totals</HTML><HTML><![CDATA[</LocID>
    	</a> </td> </tr> </table> </TD>
    <TD class=ms-separator>|</TD>
    	<TD class="ms-toolbar"> <table cellpadding=1 cellspacing=0 border=0> <tr> <td class="ms-toolbar" nowrap> <a tabindex=2 ID=diidRefresh class="ms-toolbar" title=]]></HTML><HTML>"Refresh Data"</HTML><HTML><![CDATA[ ACCESSKEY=R href="javascript:" onclick="javaScript:]]></HTML><GetVar Name="WPQ"/><HTML><![CDATA[Refresh();javascript:return false;" target=_self> <img src="/_layouts/images/grefresh.gif" ID="tbbuttonstart1" alt=]]></HTML><HTML>"Refresh Data"</HTML><HTML><![CDATA[ border=0 width=16 height=16></a></td> <td nowrap> <a tabindex=2 ID=diidRefresh class="ms-toolbar" ACCESSKEY=R href="javascript:" onclick="javaScript:]]></HTML><GetVar Name="WPQ"/><HTML><![CDATA[Refresh();javascript:return false;" target=_self>
            <LocID ID="L_Refresh">]]></HTML><HTML>Refresh Data</HTML><HTML><![CDATA[</LocID>
    	</a> </td> </tr> </table> </TD>
]]></HTML></Case>
<Default/>
</Switch> 
<HTML><![CDATA[
    <TD width=99% class="ms-toolbar">&nbsp;</TD>
   </TR>
  </TABLE>
  <table width=100% border=0 cellpadding=0 cellspacing=2>
  <tr>
   <td colspan=8 height=3><IMG SRC="/_layouts/images/blank.gif" width=1 height=3 alt=""></td>
  </tr>
  </table>
]]></HTML>
</Toolbar>
                        <ViewFields>
                        </ViewFields>
                     </View>
                     <View BaseViewID="2" Type="HTML" WebPartZoneID="Main" DisplayName="All Responses" Url="AllItems.aspx">
<GroupByHeader> <HTML><![CDATA[<TBODY id="titl]]></HTML> 		    <GetVar Name="GroupByLevelString"/> 		    <HTML><![CDATA["><TR]]></HTML> <Switch><Expr><GetVar Name="GroupByIndent"/></Expr><Case Value="0"> <HTML><![CDATA[ class="ms-gb" ]]></HTML> </Case><Default> <HTML><![CDATA[ class="ms-gb2" ]]></HTML> </Default> </Switch> <HTML><![CDATA[><TD colspan="100" nowrap><img src="/_layouts/images/blank.gif" alt="" height=1 width=]]></HTML> <GetVar Name="GroupByIndent"/> <HTML><![CDATA[><a href="javascript:" onclick="javascript:ExpCollGroup(']]></HTML> 		    <GetVar Name="GroupByLevelString"/> 		    <HTML><![CDATA[','img_]]></HTML> 		    <GetVar Name="GroupByLevelString"/> 		    <HTML><![CDATA[');return false;"><img id="img_]]></HTML> 		    <GetVar Name="GroupByLevelString"/> 		    <HTML><![CDATA[" src="/_layouts/images/minus.gif" alt="]]></HTML> 		    <HTML>Expand/Collapse</HTML> 		    <HTML><![CDATA[" border="0"></a>&nbsp;]]></HTML> <GetVar Name="GroupByField" HTMLEncode="TRUE" /> <HTML><![CDATA[ :&nbsp;]]></HTML><GetVar Name="GroupByValue"/> <HTML><![CDATA[</TD></TR></TBODY>]]></HTML> </GroupByHeader>
<GroupByFooter> <Switch><Expr><GetVar Name="GroupByIndent"/></Expr><Case Value="0"> <HTML><![CDATA[<TBODY id="foot]]></HTML> 		     <GetVar Name="GroupByLevelString"/> 		     <HTML><![CDATA[_"><TR><TD><BR></TD></TR></TBODY>]]></HTML> </Case><Default/> </Switch> <Switch><Expr><GetVar Name="GroupByCollapse"/></Expr><Case Value="TRUE"> <HTML><![CDATA[<SCRIPT>ExpCollGroup(']]></HTML> 		    <GetVar Name="GroupByLevelString"/> 		    <HTML><![CDATA[','img_]]></HTML> 		    <GetVar Name="GroupByLevelString"/> 		    <HTML><![CDATA[');</SCRIPT>]]></HTML> </Case><Default/> </Switch> </GroupByFooter>
<ViewHeader>
<HTML><![CDATA[<TABLE width="100%" cellspacing=0 cellpadding=0 border=0>]]></HTML>
<HTML><![CDATA[<SCRIPT>
ctx = new ContextInfo();
ctx.listBaseType = ]]></HTML><ListProperty Select="BaseType"/><HTML><![CDATA[;
ctx.listTemplate = ]]></HTML><ListProperty Select="ServerTemplate"/><HTML><![CDATA[;
ctx.listName = ]]></HTML><ScriptQuote><List/></ScriptQuote><HTML><![CDATA[;
ctx.listUrlDir = ]]></HTML><ScriptQuote><ListUrlDir WebRel="TRUE"/></ScriptQuote><HTML><![CDATA[;
ctx.HttpPath = ]]></HTML><ScriptQuote><HttpPath/></ScriptQuote><HTML><![CDATA[;
ctx.HttpRoot = ]]></HTML><ScriptQuote><HttpVDir/></ScriptQuote><HTML><![CDATA[;
ctx.imagesPath = ]]></HTML><ScriptQuote>/_layouts/images/</ScriptQuote><HTML><![CDATA[;
ctx.PortalUrl = ]]></HTML><ScriptQuote><ProjectProperty Select="PortalUrl"/></ScriptQuote><HTML><![CDATA[;
if (ctx.PortalUrl == "") ctx.PortalUrl = null;
ctx.displayFormUrl = ]]></HTML><ScriptQuote><URL Cmd="DISPLAY" NoID="TRUE"/></ScriptQuote><HTML><![CDATA[;
ctx.editFormUrl = ]]></HTML><ScriptQuote><URL Cmd="EDIT" NoID="TRUE"/></ScriptQuote><HTML><![CDATA[;
ctx.isWebEditorPreview = ]]></HTML><Switch><Expr><GetVar Name="WebEditorPreview"/></Expr><Case Value="TRUE">1</Case><Default>0</Default></Switch><HTML><![CDATA[;
ctx.ctxId = ]]></HTML><Counter Type="View"/><HTML><![CDATA[;
]]></HTML><Switch>
<Expr><ListProperty Select="ModeratedList"/></Expr>
<Case Value="0"/>
<Default>
ctx.isModerated = true;
</Default>
</Switch>
<Switch><Expr><GetVar Name="RecursiveView"/></Expr>
<Case Value="1">
ctx.recursiveView = true;
</Case>
<Default/>
</Switch>
<HTML><![CDATA[ 
ctx]]></HTML><Counter Type="View"/><HTML><![CDATA[ = ctx;
</SCRIPT>]]></HTML>
<HTML><![CDATA[<tr><td>]]></HTML>
    <HTML><![CDATA[<TABLE ID="]]></HTML><WebQueryInfo/>
    <HTML><![CDATA[" width="100%" border=0 cellspacing=0 cellpadding=1 rules=rows><TR VALIGN=TOP>]]></HTML>
    <Fields>
        <Switch><Expr><Property Select="Name"/></Expr>
        <Case Value="Attachments">
            <HTML><![CDATA[<TH nowrap class="ms-vh-icon">]]></HTML>
            <Field/>
            <HTML><![CDATA[</TH>]]></HTML>
        </Case>
        <Default>
        <Switch>
            <Expr><Property Select='HeaderImage'/></Expr>
            <Case Value=""><Switch><Expr><Property Select="Type"/><PresenceEnabled/></Expr>
                            <Case Value="UserTRUE"><HTML><![CDATA[<TH nowrap class="ms-vh">]]></HTML><Field/><HTML><![CDATA[</TH>]]></HTML></Case>
                            <Default><HTML><![CDATA[<TH nowrap class="ms-vh2">]]></HTML><Field/><HTML><![CDATA[</TH>]]></HTML></Default>
                           </Switch>
            </Case>
            <Default><HTML><![CDATA[<TH nowrap class="ms-vh-icon">]]></HTML><Field/><HTML><![CDATA[</TH>]]></HTML></Default>
        </Switch>
        </Default>
        </Switch>
    </Fields>
    <HTML><![CDATA[</TR>]]></HTML>
</ViewHeader>
<ViewBody>
    <HTML><![CDATA[<TR>]]></HTML>
    <Fields>
        <HTML><![CDATA[<TD Class="]]></HTML>
	<FieldSwitch> <Expr><Property Select="ClassInfo"/></Expr> <Case Value="Menu"><HTML><![CDATA[ms-vb-title" height="100%]]></HTML></Case> <Case Value="Icon">ms-vb-icon</Case> <Default> <FieldSwitch> <Expr><Property Select="Type"/><PresenceEnabled/></Expr> <Case Value="UserTRUE">ms-vb-user</Case> <Default>ms-vb2</Default> </FieldSwitch> </Default> </FieldSwitch>
        <HTML><![CDATA[">]]></HTML>
        <Field/>
        <HTML><![CDATA[</TD>]]></HTML>
    </Fields>
    <HTML><![CDATA[</TR>]]></HTML>
</ViewBody>
<ViewFooter>
<HTML><![CDATA[</TABLE>]]></HTML>
<HTML><![CDATA[</td></tr></table>]]></HTML>
</ViewFooter>
<PagedRowset>
<HTML><![CDATA[<TABLE width="100%" border=0><TR>
<TD align=right Class="ms-vb">]]></HTML><HTML>(Items</HTML><HTML><![CDATA[&nbsp;]]></HTML>
<GetVar Name="PageFirstRow" HTMLEncode="TRUE"/><HTML><![CDATA[&nbsp;]]></HTML>
<HTML>to</HTML><HTML><![CDATA[&nbsp;]]></HTML>
<GetVar Name="PageLastRow" HTMLEncode="TRUE"/>
<HTML>)</HTML>
<HTML><![CDATA[&nbsp;<A HREF="javascript:" OnClick='javascript:SubmitFormPost("]]></HTML><ScriptQuote NotAddingQuote="TRUE"><PageUrl/><HTML>?</HTML><GetVar Name="NextPageData"/></ScriptQuote><HTML><![CDATA[");javascript:return false;'>]]></HTML>
<HTML>Next</HTML>
<HTML><![CDATA[</A> 
<A HREF="javascript:" OnClick='javascript:SubmitFormPost("]]></HTML><ScriptQuote NotAddingQuote="TRUE"><PageUrl/><HTML>?</HTML><GetVar Name="NextPageData"/></ScriptQuote><HTML><![CDATA[");javascript:return false;'>]]></HTML>
<HTML><![CDATA[<img src="/_layouts/images/next.gif" border=0 alt="]]><![CDATA[Next]]><![CDATA["></A>&nbsp;
</TD></TR></TABLE>]]></HTML>
</PagedRowset>
<PagedRecurrenceRowset>
<HTML><![CDATA[<TABLE width="100%" border=0><TR><TD  nowrap Class="ms-vb">]]></HTML>
    <Switch>
        <Expr><GetVar Name="PrevPageData"/></Expr>
        <Case Value="" />
        <Default>
            <HTML><![CDATA[&nbsp;<A id=onetidPrev HREF=
                "javascript:" OnClick='javascript:SubmitFormPost("]]></HTML><ScriptQuote NotAddingQuote="TRUE"><PageUrl/><HTML>?</HTML><GetVar Name="PrevPageData"/></ScriptQuote><HTML><![CDATA[");javascript:return false;'
                ><img src="/_layouts/images/prev.gif" border=0 alt="]]><![CDATA[Previous]]><![CDATA["></A>
                <A HREF=
                "javascript:" OnClick='javascript:SubmitFormPost("]]></HTML><ScriptQuote NotAddingQuote="TRUE"><PageUrl/><HTML>?</HTML><GetVar Name="PrevPageData"/></ScriptQuote><HTML><![CDATA[");javascript:return false;'
                >]]></HTML>
            <HTML>Previous</HTML>
            <HTML><![CDATA[</A>]]></HTML>
        </Default>
    </Switch>
<HTML><![CDATA[</TD><TD align=right nowrap Class="ms-vb">]]></HTML>
    <Switch>
        <Expr><GetVar Name="NextPageData"/></Expr>
        <Case Value="" />
        <Default>
            <HTML><![CDATA[<A HREF=
                "javascript:" OnClick='javascript:SubmitFormPost("]]></HTML><ScriptQuote NotAddingQuote="TRUE"><PageUrl/><HTML>?</HTML><GetVar Name="NextPageData"/></ScriptQuote><HTML><![CDATA[");javascript:return false;'
            >]]></HTML>
            <HTML>Next</HTML>
            <HTML><![CDATA[</A>
            <A id=onetidNext HREF=
                "javascript:" OnClick='javascript:SubmitFormPost("]]></HTML><ScriptQuote NotAddingQuote="TRUE"><PageUrl/><HTML>?</HTML><GetVar Name="NextPageData"/></ScriptQuote><HTML><![CDATA[");javascript:return false;'
                ><img src="/_layouts/images/next.gif" border=0 alt="]]><![CDATA[Next]]><![CDATA["></A>&nbsp;]]></HTML>
        </Default>
    </Switch>
<HTML><![CDATA[</TD></TR></TABLE>]]></HTML>
</PagedRecurrenceRowset>
<RowLimit Paged="TRUE">100</RowLimit>
<ViewEmpty>
    <HTML><![CDATA[<TABLE width="100%" cellspacing=0 cellpadding=0 border=0><tr><td>]]></HTML>
    <HTML><![CDATA[<TABLE ID=onetidDoclibViewTbl0 width="100%" Summary="]]></HTML>
    <ListProperty Select="Title" HTMLEncode="TRUE"/>
    <HTML><![CDATA[" ]]></HTML>
    <HTML><![CDATA[border=0 rules=rows><TR>]]></HTML>
    <Fields>
        <Switch><Expr><Property Select="Name"/></Expr>
        <Case Value="Attachments">
            <HTML><![CDATA[<TH class="ms-vh-icon">]]></HTML>
            <Field/>
            <HTML><![CDATA[</TH>]]></HTML>
        </Case>
        <Default>
        <Switch>
            <Expr><Property Select='HeaderImage'/></Expr>
            <Case Value=""><HTML><![CDATA[<TH class="ms-vh">]]></HTML><Field/><HTML><![CDATA[</TH>]]></HTML></Case>
            <Default><HTML><![CDATA[<TH class="ms-vh-icon">]]></HTML><Field/><HTML><![CDATA[</TH>]]></HTML></Default>
        </Switch>
        </Default>
        </Switch>
    </Fields>
    <HTML><![CDATA[</TR>]]></HTML>
    <HTML><![CDATA[</TABLE>]]></HTML>
    <HTML><![CDATA[</td></tr>]]></HTML>
    <HTML><![CDATA[<tr><td>]]></HTML>
    <HTML><![CDATA[<TABLE ]]></HTML>
 <HTML><![CDATA[ width=100% ]]></HTML>
<HTML><![CDATA[ border=0 rules=rows><TR>]]></HTML>
    <HTML><![CDATA[<TD Class="ms-vb">]]></HTML>
    <HTML>There are no responses.</HTML>
    <HTML><![CDATA[</TD>]]></HTML>
    <HTML><![CDATA[</TR></TABLE>]]></HTML>
    <HTML><![CDATA[</td></tr></TABLE>]]></HTML>
</ViewEmpty>
<ViewBidiHeader>
<HTML><![CDATA[<TABLE width="100%" cellspacing=0 cellpadding=0 border=0>]]></HTML>
<HTML><![CDATA[<SCRIPT>
ctx = new ContextInfo();
ctx.listBaseType = ]]></HTML><ListProperty Select="BaseType"/><HTML><![CDATA[;
ctx.listTemplate = ]]></HTML><ListProperty Select="ServerTemplate"/><HTML><![CDATA[;
ctx.listName = ]]></HTML><ScriptQuote><List/></ScriptQuote><HTML><![CDATA[;
ctx.listUrlDir = ]]></HTML><ScriptQuote><ListUrlDir WebRel="TRUE"/></ScriptQuote><HTML><![CDATA[;
ctx.HttpPath = ]]></HTML><ScriptQuote><HttpPath/></ScriptQuote><HTML><![CDATA[;
ctx.HttpRoot = ]]></HTML><ScriptQuote><HttpVDir/></ScriptQuote><HTML><![CDATA[;
ctx.imagesPath = ]]></HTML><ScriptQuote>/_layouts/images/</ScriptQuote><HTML><![CDATA[;
ctx.PortalUrl = ]]></HTML><ScriptQuote><ProjectProperty Select="PortalUrl"/></ScriptQuote><HTML><![CDATA[;
if (ctx.PortalUrl == "") ctx.PortalUrl = null;
ctx.displayFormUrl = ]]></HTML><ScriptQuote><URL Cmd="DISPLAY" NoID="TRUE"/></ScriptQuote><HTML><![CDATA[;
ctx.editFormUrl = ]]></HTML><ScriptQuote><URL Cmd="EDIT" NoID="TRUE"/></ScriptQuote><HTML><![CDATA[;
ctx.isWebEditorPreview = ]]></HTML><Switch><Expr><GetVar Name="WebEditorPreview"/></Expr><Case Value="TRUE">1</Case><Default>0</Default></Switch><HTML><![CDATA[;
ctx.ctxId = ]]></HTML><Counter Type="View"/><HTML><![CDATA[;
]]></HTML><Switch>
<Expr><ListProperty Select="ModeratedList"/></Expr>
<Case Value="0"/>
<Default>
ctx.isModerated = true;
</Default>
</Switch>
<Switch><Expr><GetVar Name="RecursiveView"/></Expr>
<Case Value="1">
ctx.recursiveView = true;
</Case>
<Default/>
</Switch>
<HTML><![CDATA[ 
ctx]]></HTML><Counter Type="View"/><HTML><![CDATA[ = ctx;
</SCRIPT>]]></HTML>
<HTML><![CDATA[<tr><td>]]></HTML>
    <HTML><![CDATA[<TABLE ID="]]></HTML><WebQueryInfo/>
    <HTML><![CDATA[" width="100%" border=0 cellspacing=0 cellpadding=1 rules=rows dir="]]></HTML>
    <ListProperty Select="Direction"/>
    <HTML><![CDATA["><TR VALIGN=TOP>]]></HTML>
    <Switch>
    <Expr><ListProperty Select='Direction'/></Expr>
    <Case Value="LTR">
        <SetVar Name="MsVhDirection" Scope="Request" Value="ms-vh-left"/>
    </Case>
    <Case Value="RTL">
        <SetVar Name="MsVhDirection" Scope="Request" Value="ms-vh-right"/>
    </Case>
    <Default>
        <SetVar Name="MsVhDirection" Scope="Request" Value="ms-vh"/>
    </Default>
    </Switch>    
    <Fields>
        <Switch><Expr><Property Select="Name"/></Expr>
        <Case Value="Attachments">
            <HTML><![CDATA[<TH nowrap class="]]></HTML>
            <GetVar Name="MsVhDirection"/>
            <HTML><![CDATA[">]]></HTML>
            <Field/>
            <HTML><![CDATA[</TH>]]></HTML>
        </Case>
        <Default>
        <Switch>
            <Expr><Property Select='HeaderImage'/></Expr>
            <Case Value=""><Switch><Expr><Property Select="Type"/><PresenceEnabled/></Expr>
                            <Case Value="UserTRUE"><HTML><![CDATA[<TH nowrap class="]]></HTML><GetVar Name="MsVhDirection"/><HTML><![CDATA[">]]></HTML><Field/><HTML><![CDATA[</TH>]]></HTML></Case>
                            <Default><HTML><![CDATA[<TH nowrap class="]]></HTML><GetVar Name="MsVhDirection"/><HTML><![CDATA[">]]></HTML><Field/><HTML><![CDATA[</TH>]]></HTML></Default>
                           </Switch>
            </Case>
            <Default><HTML><![CDATA[<TH nowrap class="]]></HTML><GetVar Name="MsVhDirection"/><HTML><![CDATA[">]]></HTML><Field/><HTML><![CDATA[</TH>]]></HTML></Default>
        </Switch>
        </Default>
        </Switch>
    </Fields>
    <HTML><![CDATA[</TR>]]></HTML>
</ViewBidiHeader>
<Toolbar Type="Standard">
<HTML><![CDATA[
  <SCRIPT>
  var varPageUrl]]></HTML><GetVar Name="WPQ"/><HTML><![CDATA[ = "]]></HTML><ScriptQuote NotAddingQuote="TRUE"><PageUrl/></ScriptQuote><HTML><![CDATA[";
  </SCRIPT>]]></HTML>
  <HTML><![CDATA[
  <TABLE cellpadding=2 cellspacing=0 class="ms-toolbar" style="margin-left: 3px;">
   <TR>
          <TD class="ms-toolbar"> <table cellpadding=1 cellspacing=0 border=0> <tr> <td class="ms-toolbar" nowrap> <a tabindex=2 ID=diidIONewItem class="ms-toolbar" title=]]></HTML><HTML>"New"</HTML><HTML><![CDATA[ ACCESSKEY=N href="]]></HTML><URL Cmd="New"/><HTML><![CDATA[" onclick="javascript:NewItem(']]></HTML><URL Cmd="New"/><HTML><![CDATA[');javascript:return false;" target=_self> <img src="/_layouts/images/newitem.gif" ID="tbbuttonstart1" alt=]]></HTML><HTML>"New"</HTML><HTML><![CDATA[ border=0 width=16 height=16></a></td> <td nowrap> <a tabindex=2 ID=diidIONewItem class="ms-toolbar" ACCESSKEY=N href="]]></HTML><URL Cmd="New"/><HTML><![CDATA[" onclick="javascript:NewItem(']]></HTML><URL Cmd="New"/><HTML><![CDATA[');javascript:return false;" target=_self>
             <LocID ID="L_NewItem">]]></HTML><HTML>Respond to this Survey</HTML><HTML><![CDATA[</LocID>
          </a> </td> </tr> </table> </TD>
    ]]></HTML><Switch>
    <Expr>
       <GetVar Name="SurveyResults"/>
    </Expr>
    <Case Value="1"><HTML><![CDATA[
      <TD class=ms-separator>|</TD>
      <TD class="ms-toolbar" nowrap>
      <table cellpadding=1 cellspacing=0 border=0>
      <tr>
        <td nowrap>
	<a class="ms-toolbar" ACCESSKEY=G ID=diidToSurvey href="summary.htm">
			<LocID ID="L_BackToSurvey">]]></HTML><HTML>Go Back to Survey</HTML><HTML><![CDATA[</LocID>
		</a>
		</td>
      </tr>
      </table>
      </TD>]]></HTML>
    </Case>
    <Default/>
    </Switch><HTML><![CDATA[
]]></HTML>
<Switch>
    <Expr><ListProperty Select="MultipleMtgDataList"/></Expr>
    <Case Value="1">
        <Switch>
            <Expr><MeetingProperty Select="MeetingCount"/></Expr>
            <Case Value="0"/>
            <Case Value="1"/>
            <Default>
                <Switch>
                    <Expr><GetVar Name="GridView"/></Expr>
                    <Case Value="1"/>
                    <Default>
                        <Switch>
                            <Expr><GetVar Name="InstanceID"/></Expr>
                            <Case Value="ALL">
                                <HTML><![CDATA[
                                    <TD class=ms-separator>|</TD>
                                       <TD class="ms-toolbar"> <table cellpadding=1 cellspacing=0 border=0> <tr> <td class="ms-toolbar" nowrap> <a tabindex=2 ID=diidAllMtgsButton class="ms-toolbar" title=]]></HTML><HTML>"Show Data from This Meeting only"</HTML><HTML><![CDATA[ ACCESSKEY=T href="javascript:" onclick="javascript:SubmitFormPost(']]></HTML><PageUrl/><HTML><![CDATA[?InstanceID=&View=]]></HTML><GetVar Name="View"/><HTML><![CDATA[');javascript:return false;"> <img src="/_layouts/images/thismeet.gif" ID="tbbuttonstart1" alt=]]></HTML><HTML>"Show Data from This Meeting only"</HTML><HTML><![CDATA[ border=0 width=16 height=16></a></td> <td nowrap> <a tabindex=2 ID=diidAllMtgsButton class="ms-toolbar" ACCESSKEY=T href="javascript:" onclick="javascript:SubmitFormPost(']]></HTML><PageUrl/><HTML><![CDATA[?InstanceID=&View=]]></HTML><GetVar Name="View"/><HTML><![CDATA[');javascript:return false;">
                                             ]]></HTML><HTML>This Meeting</HTML><HTML><![CDATA[
                                       </a> </td> </tr> </table> </TD>
                                ]]></HTML>
                            </Case>
                            <Default>
                                <HTML><![CDATA[
                                    <TD class=ms-separator>|</TD>
                                       <TD class="ms-toolbar"> <table cellpadding=1 cellspacing=0 border=0> <tr> <td class="ms-toolbar" nowrap> <a tabindex=2 ID=diidAllMtgsButton class="ms-toolbar" title=]]></HTML><HTML>"Show Data from All Meetings"</HTML><HTML><![CDATA[ ACCESSKEY=T href="javascript:" onclick="javascript:SubmitFormPost(']]></HTML><PageUrl/><HTML><![CDATA[?InstanceID=ALL&View=]]></HTML><GetVar Name="View"/><HTML><![CDATA[');javascript:return false;"> <img src="/_layouts/images/allmeet.gif" ID="tbbuttonstart1" alt=]]></HTML><HTML>"Show Data from All Meetings"</HTML><HTML><![CDATA[ border=0 width=16 height=16></a></td> <td nowrap> <a tabindex=2 ID=diidAllMtgsButton class="ms-toolbar" ACCESSKEY=T href="javascript:" onclick="javascript:SubmitFormPost(']]></HTML><PageUrl/><HTML><![CDATA[?InstanceID=ALL&View=]]></HTML><GetVar Name="View"/><HTML><![CDATA[');javascript:return false;">
                                             ]]></HTML><HTML>All Meetings</HTML><HTML><![CDATA[
                                       </a> </td> </tr> </table> </TD>
                                ]]></HTML>
                            </Default>
                        </Switch>        
                    </Default>
                </Switch>        
            </Default>
        </Switch>        
    </Case>
</Switch>
<HTML><![CDATA[
]]></HTML>
<Switch><Expr><GetVar Name="CalView"/></Expr>
<Case Value="1">
<HTML><![CDATA[
    <TD class=ms-separator>|</TD>
    <TD class="ms-toolbar" nowrap>
    <table cellpadding=1 cellspacing=0 border=0>
    <tr>
        <td nowrap>
			<a class="ms-toolbar" tabindex=0 ACCESSKEY=S ID=diidCalTodayButton HREF="javascript:cal.MoveToToday();">
			<LocID ID="L_CalToday">]]></HTML><HTML>Today</HTML><HTML><![CDATA[</LocID>
		</a>
		</td>
    </tr>
    </table>
    </TD>
]]></HTML></Case>
<Default/>
</Switch> 
<HTML><![CDATA[
]]></HTML>
<Switch><Expr><GetVar Name="CalView"/></Expr>
<Case Value="1">
<HTML><![CDATA[
    <TD class=ms-separator>|</TD>
    <TD class="ms-toolbar" nowrap>
    <table cellpadding=1 cellspacing=0 border=0>
    <tr>
        <td nowrap>
			<a class="ms-toolbar" tabindex=0 ACCESSKEY=S ID=diidCalViewByDayButton HREF="javascript:cal.MoveDay(0);">
			<LocID ID="L_ByDay">]]></HTML><HTML>View by Day</HTML><HTML><![CDATA[</LocID>
		</a>
		</td>
    </tr>
    </table>
    </TD>
]]></HTML></Case>
<Default/>
</Switch> 
<HTML><![CDATA[
]]></HTML>
<Switch><Expr><GetVar Name="CalView"/></Expr>
<Case Value="1">
<HTML><![CDATA[
    <TD class=ms-separator>|</TD>
    <TD class="ms-toolbar" nowrap>
    <table cellpadding=1 cellspacing=0 border=0>
    <tr>
        <td nowrap>
			<a class="ms-toolbar" tabindex=0 ACCESSKEY=S ID=diidCalViewByWeekButton HREF="javascript:cal.MoveWeek(0);">
			<LocID ID="L_ByWeek">]]></HTML><HTML>View by Week</HTML><HTML><![CDATA[</LocID>
		</a>
		</td>
    </tr>
    </table>
    </TD>
]]></HTML></Case>
<Default/>
</Switch> 
<HTML><![CDATA[
]]></HTML>
<Switch><Expr><GetVar Name="CalView"/></Expr>
<Case Value="1">
<HTML><![CDATA[
    <TD class=ms-separator>|</TD>
    <TD class="ms-toolbar" nowrap>
    <table cellpadding=1 cellspacing=0 border=0>
    <tr>
        <td nowrap>
        <a class="ms-toolbar" tabindex=0 ACCESSKEY=S ID=diidCalViewByMonthButton HREF="javascript:cal.MoveMonth(0);">
			<LocID ID="L_ByMonth">]]></HTML><HTML>View by Month</HTML><HTML><![CDATA[</LocID>
		</a>
		</td>
    </tr>
    </table>
    </TD>
]]></HTML></Case>
<Default/>
</Switch> 
<HTML><![CDATA[
]]></HTML>
<Switch><Expr><GetVar Name="GridView"/></Expr>
<Case Value="1">
<Switch><Expr><GetVar Name="ShowInGrid"/></Expr>
	<Case Value="True">
		<HTML><![CDATA[
			<TD class=ms-separator>|</TD>
		]]></HTML>
	</Case>
	<Default>
		<Switch><Expr><GetVar Name="ModListAllItemsView"/></Expr>
		<Case Value="1">
		</Case>
		<Default>
		<HTML><![CDATA[
			<TD class=ms-separator>|</TD>
		]]></HTML>
		</Default>
		</Switch>
	</Default>
</Switch>
<HTML><![CDATA[
    	<TD class="ms-toolbar"> <table cellpadding=1 cellspacing=0 border=0> <tr> <td class="ms-toolbar" nowrap> <a tabindex=2 ID=diidShowHideTaskPane class="ms-toolbar" title=]]></HTML><HTML>"Task Pane"</HTML><HTML><![CDATA[ ACCESSKEY=S href="javascript:" onclick="javaScript:]]></HTML><GetVar Name="WPQ"/><HTML><![CDATA[ShowHideTaskPane();javascript:return false;" target=_self> <img src="/_layouts/images/taskpane.gif" ID="tbbuttonstart1" alt=]]></HTML><HTML>"Task Pane"</HTML><HTML><![CDATA[ border=0 width=16 height=16></a></td> <td nowrap> <a tabindex=2 ID=diidShowHideTaskPane class="ms-toolbar" ACCESSKEY=S href="javascript:" onclick="javaScript:]]></HTML><GetVar Name="WPQ"/><HTML><![CDATA[ShowHideTaskPane();javascript:return false;" target=_self>
            <LocID ID="L_ShowHideTaskPane">]]></HTML><HTML>Task Pane</HTML><HTML><![CDATA[</LocID>
    	</a> </td> </tr> </table> </TD>
    <TD class=ms-separator>|</TD>
    	<TD class="ms-toolbar"> <table cellpadding=1 cellspacing=0 border=0> <tr> <td class="ms-toolbar" nowrap> <a tabindex=2 ID=diidShowHideTotalsRow class="ms-toolbar" title=]]></HTML><HTML>"Totals"</HTML><HTML><![CDATA[ ACCESSKEY=O href="javascript:" onclick="javaScript:]]></HTML><GetVar Name="WPQ"/><HTML><![CDATA[ShowHideTotalsRow();javascript:return false;" target=_self> <img src="/_layouts/images/totalrow.gif" ID="tbbuttonstart1" alt=]]></HTML><HTML>"Totals"</HTML><HTML><![CDATA[ border=0 width=16 height=16></a></td> <td nowrap> <a tabindex=2 ID=diidShowHideTotalsRow class="ms-toolbar" ACCESSKEY=O href="javascript:" onclick="javaScript:]]></HTML><GetVar Name="WPQ"/><HTML><![CDATA[ShowHideTotalsRow();javascript:return false;" target=_self>
            <LocID ID="L_ShowHideTotalsRow">]]></HTML><HTML>Totals</HTML><HTML><![CDATA[</LocID>
    	</a> </td> </tr> </table> </TD>
    <TD class=ms-separator>|</TD>
    	<TD class="ms-toolbar"> <table cellpadding=1 cellspacing=0 border=0> <tr> <td class="ms-toolbar" nowrap> <a tabindex=2 ID=diidRefresh class="ms-toolbar" title=]]></HTML><HTML>"Refresh Data"</HTML><HTML><![CDATA[ ACCESSKEY=R href="javascript:" onclick="javaScript:]]></HTML><GetVar Name="WPQ"/><HTML><![CDATA[Refresh();javascript:return false;" target=_self> <img src="/_layouts/images/grefresh.gif" ID="tbbuttonstart1" alt=]]></HTML><HTML>"Refresh Data"</HTML><HTML><![CDATA[ border=0 width=16 height=16></a></td> <td nowrap> <a tabindex=2 ID=diidRefresh class="ms-toolbar" ACCESSKEY=R href="javascript:" onclick="javaScript:]]></HTML><GetVar Name="WPQ"/><HTML><![CDATA[Refresh();javascript:return false;" target=_self>
            <LocID ID="L_Refresh">]]></HTML><HTML>Refresh Data</HTML><HTML><![CDATA[</LocID>
    	</a> </td> </tr> </table> </TD>
]]></HTML></Case>
<Default/>
</Switch> 
<HTML><![CDATA[
    <TD width=99% class="ms-toolbar">&nbsp;</TD>
   </TR>
  </TABLE>
  <table width=100% border=0 cellpadding=0 cellspacing=2>
  <tr>
   <td colspan=8 height=3><IMG SRC="/_layouts/images/blank.gif" width=1 height=3 alt=""></td>
  </tr>
  </table>
]]></HTML>
</Toolbar>
                        <ViewFields>
                           <FieldRef Name="DisplayResponse"></FieldRef>
                           <FieldRef Name="Author"></FieldRef>
                           <FieldRef Name="Modified"></FieldRef>
                        </ViewFields>
                        <Query>
                           <OrderBy>
                              <FieldRef Name="ID"></FieldRef>
                           </OrderBy>
                        </Query>
                     </View>
                  </Views>
                  <Forms>
                     <Form Type="DisplayForm" Url="DispForm.aspx" WebPartZoneID="Main">
<ListFormOpening>
<HTML><![CDATA[
<Script Language="JavaScript">
function Discuss(strUrl)
{
    var L_IE5upRequired_Text = "]]><![CDATA['Discuss' requires a Windows SharePoint Services-compatible application and Microsoft Internet Explorer 5.0 or greater.]]><![CDATA[";
    if (browseris.ie5up && browseris.win32)
	window.parent.location.href = strUrl;
    else
	alert(L_IE5upRequired_Text);
}
function DeleteItem()
{
    var L_Delete_text = ]]></HTML><HTML>"Are you sure you want to delete this item?"</HTML><HTML><![CDATA[;
    if (confirm(L_Delete_text))
        SubmitFormPost(']]></HTML><HttpPath/><HTML><![CDATA[&Cmd=Delete&List=]]></HTML><List/><HTML><![CDATA[&ID=]]></HTML><ID/><HTML><![CDATA[&NextUsing=' + GetSource(]]></HTML><ScriptQuote><ListProperty Select="DefaultViewUrl"/></ScriptQuote><HTML><![CDATA[));
}
function ExportItem(using)
{
    window.location = ']]></HTML><HttpPath /><HTML><![CDATA[?Cmd=Display&CacheControl=1&List=]]></HTML><List URLEncode="1" /><HTML><![CDATA[&ID=]]></HTML><ID/><HTML><![CDATA[&Using=]]></HTML><ListUrlDir WebRel="TRUE" URLEncode="1"/><HTML><![CDATA[/' + using;
}
</Script>
<SCRIPT>
var frm = new OWSForm(]]></HTML><ScriptQuote><Switch><Expr><GetVar Name="HTMLFormName"/></Expr><Case Value=""><HTML><![CDATA[OWSForm]]></HTML></Case><Default><GetVar Name="HTMLFormName"/></Default></Switch></ScriptQuote><HTML><![CDATA[, true, ]]></HTML><ScriptQuote><HttpVDir/><HTML>/_layouts/</HTML></ScriptQuote><HTML><![CDATA[);
frm.fPreviewMode = (]]></HTML><ScriptQuote><GetVar Name="ID"/></ScriptQuote><HTML><![CDATA[ == ""); 
frm.stImagesPath = ]]></HTML><ScriptQuote>/_layouts/images/</ScriptQuote><HTML><![CDATA[;
</SCRIPT>
]]></HTML>
</ListFormOpening>
<ListFormButtons>
<HTML><![CDATA[
  <TABLE class="ms-toolbar" style="margin-left: 3px;" cellpadding=2 cellspacing=0 border=0>
   <TR>
<TD class="ms-toolbar"> <table cellpadding=1 cellspacing=0 border=0> <tr> <td class="ms-toolbar" nowrap> <a tabindex=2 ID=diidIOEditItem class="ms-toolbar" title=]]></HTML><HTML>"Edit"</HTML><HTML><![CDATA[ ACCESSKEY=I href="]]></HTML><URL Cmd="Edit"/><HTML><![CDATA[" onclick="javascript:EditItem(']]></HTML><ScriptQuote NotAddingQuote="TRUE"><URL Cmd="Edit"/></ScriptQuote><HTML><![CDATA[');return false;" target=_self> <img src="/_layouts/images/edititem.gif" ID="tbbuttonstart1" alt=]]></HTML><HTML>"Edit"</HTML><HTML><![CDATA[ border=0 width=16 height=16></a></td> <td nowrap> <a tabindex=2 ID=diidIOEditItem class="ms-toolbar" ACCESSKEY=I href="]]></HTML><URL Cmd="Edit"/><HTML><![CDATA[" onclick="javascript:EditItem(']]></HTML><ScriptQuote NotAddingQuote="TRUE"><URL Cmd="Edit"/></ScriptQuote><HTML><![CDATA[');return false;" target=_self>
	<LocID ID="L_EditItem">]]></HTML><HTML>Edit Response</HTML><HTML><![CDATA[</LocID>
</a> </td> </tr> </table> </TD>
<TD class=ms-separator>|</td>
<TD class="ms-toolbar"> <table cellpadding=1 cellspacing=0 border=0> <tr> <td class="ms-toolbar" nowrap> <a tabindex=2 ID=diidIODeleteItem class="ms-toolbar" title=]]></HTML><HTML>"Delete"</HTML><HTML><![CDATA[ ACCESSKEY=X href="javascript:DeleteItem()" target="_self"> <img src="/_layouts/images/delitem.gif" ID="tbbuttonstart1" alt=]]></HTML><HTML>"Delete"</HTML><HTML><![CDATA[ border=0 width=16 height=16></a></td> <td nowrap> <a tabindex=2 ID=diidIODeleteItem class="ms-toolbar" ACCESSKEY=X href="javascript:DeleteItem()" target="_self">
	<LocID ID="L_DeleteItem">]]></HTML><HTML>Delete Response</HTML><HTML><![CDATA[</LocID>
</a> </td> </tr> </table> </TD>
<TD class=ms-separator>|</td>
<TD class="ms-toolbar"> <table cellpadding=1 cellspacing=0 border=0> <tr> <td nowrap> <a tabindex=2 ID=diidSubscribeButton class="ms-toolbar" ACCESSKEY=B href="javascript:" onclick="javascript:NavigateToSubNewAspx(']]></HTML><ScriptQuote NotAddingQuote="TRUE"><HttpVDir/></ScriptQuote><HTML><![CDATA[', 'List=]]></HTML><List/><HTML><![CDATA[&ID=]]></HTML><ID/><HTML><![CDATA[');javascript:return false;" target="_self">
    <LocID ID="L_Subscribe">]]></HTML><HTML>Alert Me</HTML><HTML><![CDATA[</LocID>
</a> </td> </tr> </table> </TD>
<TD class=ms-separator>|</td>
<TD class="2ms-toolbar">
    <table cellpadding=1 cellspacing=0 border=0>
    <tr>
        <td colspan=2 nowrap>
        <a tabindex=2 class="ms-toolbar" ACCESSKEY=G ID=diidIOGoBack href="]]></HTML><ListProperty Select='DefaultViewUrl'/><HTML><![CDATA[" onclick="javascript:GoBack(']]></HTML><ScriptQuote NotAddingQuote="TRUE"><ListProperty Select="DefaultViewUrl"/></ScriptQuote><HTML><![CDATA[');return false;" target="_self">
            <LocID ID="L_GOBackItem">]]></HTML><HTML>Go Back to Survey</HTML><HTML><![CDATA[</LocID>
        </a>
        </td>
    </tr>
    </table>
</TD>
<td width=100%><img src="/_layouts/images/blank.gif" alt=""></td> 
</TR>
</TABLE>
<table width=100% border=0 cellpadding=0 cellspacing=2>
<tr>
<td colspan=8 height=3><img border=0 width=1 height=3 src="/_layouts/images/blank.gif" alt=""></td>
</tr>
</table>
]]></HTML>
</ListFormButtons>
<ListFormBody>
<SetVar Name="FreeForm">TRUE</SetVar>
<HTML><![CDATA[<TABLE class="ms-formtable" border=0 cellpadding=2>]]></HTML>
<Fields>
	<HTML><![CDATA[<TR><TH nowrap valign=top class="ms-formlabel">]]></HTML>
	<Property Select="DisplayName" HTMLEncode="TRUE" AutoNewLine="TRUE"/>
	<HTML><![CDATA[:</TH></tr><tr>]]></HTML>
	<HTML><![CDATA[<TD valign="top" class="ms-formbody">]]></HTML>
	<HTML><![CDATA[<table border=0 cellpadding=0 cellspacing=0><tr><td width=20px></td><td class="ms-formbody">]]></HTML>
			<Field/>
	<HTML><![CDATA[</td></tr></table>]]></HTML>
	<HTML><![CDATA[</TD></TR>]]></HTML>
</Fields>
<Switch>
<Expr><ListProperty Select="ModeratedList"/></Expr>
<Case Value="0"/>
<Default>
    <HTML><![CDATA[<tr><td class="ms-smallsectionline" height=1 colspan=2><img src="/_layouts/images/blank.gif" alt=""></td></tr>]]></HTML>
    <HTML><![CDATA[<TR><TH nowrap valign=top class="ms-formlabel">]]></HTML>
    <FieldProperty Name="_ModerationStatus" Select="DisplayName" HTMLEncode="TRUE"/>
    <HTML><![CDATA[:</TH>]]></HTML>
    <HTML><![CDATA[<TD valign="top" class="ms-formbody">]]></HTML>
    <HTML><![CDATA[<table border=0 cellpadding=0 cellspacing=0><tr><td class="ms-formbody">]]></HTML>
     <Field Name="_ModerationStatus"/>
     <Switch>
     <Expr><Field Name="_ModerationComments"/></Expr>
     <Case Value=""/>
     <Default>
     <HTML><![CDATA[<BR>]]></HTML>
     <Field Name="_ModerationComments"/>
     </Default>
     </Switch>
    <HTML><![CDATA[</td></tr></table>]]></HTML>
    <HTML><![CDATA[</TD></TR>]]></HTML>
</Default>
</Switch>
<HTML><![CDATA[</TABLE>]]></HTML>
<Switch>
<Expr>
    <GetVar Name="WebEditorPreview"/>
</Expr>
<Case Value="TRUE">
    <SetVar Name="DisplayMode" Scope="Request">PREVIEWDISPLAY</SetVar>   
</Case>
<Default>
    <SetVar Name="DisplayMode" Scope="Request">DISPLAY</SetVar>   
</Default>
</Switch>
<HTML><![CDATA[
<table border=0 cellpadding=0 cellspacing=0 width=100%>
 <tr><td>&nbsp;</td></tr>
 <tr>
  <td class="ms-formlabel"> 
   <table border=0 cellpadding=0 cellspacing=4 width=100%>
    <tr><td class="ms-sectionline" height=1><IMG SRC="/_layouts/images/blank.gif" width=1 height=1 alt=""></td></tr>
    <tr><td height=1><IMG SRC="/_layouts/images/blank.gif" width=1 height=1 alt=""></td></tr>
    <tr><td class="ms-formbody" ID=onetidinfoblock1>]]></HTML><HTML>Created at </HTML><SetVar Name="FreeForm" Scope="Request">TRUE</SetVar><Field Name="Created"/><HTML> by </HTML><Field Name="Author"/><HTML><![CDATA[</td></tr>
    <tr><td class="ms-formbody" ID=onetidinfoblock2>]]></HTML><HTML>Last modified at </HTML><SetVar Name="FreeForm" Scope="Request">TRUE</SetVar><Field Name="Modified"/><HTML> by </HTML><Field Name="Editor"/><HTML><![CDATA[</td></tr> 
]]></HTML><SetVar Name="FreeForm" Scope="Request"></SetVar><HTML><![CDATA[
   </table>
  </td>
 </tr>
</table>
]]></HTML>
<SetVar Name="FreeForm"></SetVar>
</ListFormBody>
                     </Form>
                     <Form Type="EditForm" Url="EditForm.aspx" WebPartZoneID="Main">
<ListFormOpening><HTML><![CDATA[
<SCRIPT>
var frm = new OWSForm(]]></HTML><ScriptQuote><Switch><Expr><GetVar Name="HTMLFormName"/></Expr><Case Value=""><HTML><![CDATA[OWSForm]]></HTML></Case><Default><GetVar Name="HTMLFormName"/></Default></Switch></ScriptQuote><HTML><![CDATA[, true, ]]></HTML><ScriptQuote><HttpVDir/><HTML>/_layouts/</HTML></ScriptQuote><HTML><![CDATA[);
frm.fPreviewMode = (]]></HTML><ScriptQuote><GetVar Name="ID"/></ScriptQuote><HTML><![CDATA[ == ""); 
var theForm = document.forms[]]></HTML><ScriptQuote><Switch><Expr><GetVar Name="HTMLFormName"/></Expr><Case Value=""><HTML><![CDATA[OWSForm]]></HTML></Case><Default><GetVar Name="HTMLFormName"/></Default></Switch></ScriptQuote><HTML><![CDATA[];
</SCRIPT>]]></HTML>
<HTML><![CDATA[<SCRIPT>]]></HTML>
<HTML><![CDATA[ frm.dopt.chDateSep = ]]></HTML><ScriptQuote><LocaleInfo LCTYPE="29"/></ScriptQuote><HTML><![CDATA[; frm.dopt.chTimeSep = ]]></HTML><ScriptQuote><LocaleInfo LCTYPE="30"/></ScriptQuote><HTML><![CDATA[; frm.dopt.SetTimeFormat(]]></HTML><ProjectProperty Select="Time24"/><HTML><![CDATA[); frm.dopt.SetDateOrder(]]></HTML><LocaleInfo LCTYPE="33"/><HTML><![CDATA[); frm.dopt.SetDOW(]]></HTML><LocaleInfo LCTYPE="4108"/> <HTML><![CDATA[); frm.dopt.stAM = ]]></HTML><ScriptQuote><LocaleInfo LCTYPE="40"/></ScriptQuote><HTML><![CDATA[; frm.dopt.stPM = ]]></HTML><ScriptQuote><LocaleInfo LCTYPE="41"/></ScriptQuote><HTML><![CDATA[; frm.dopt.TimeMarkPosn = ]]></HTML><LocaleInfo LCTYPE="4101"/><HTML><![CDATA[; frm.dopt.webTZOffsetMin = ]]></HTML><ProjectProperty Select="TimeZoneBias"/><HTML><![CDATA[; ]]></HTML>
<HTML><![CDATA[ frm.nopt.chDigSep = ]]></HTML><ScriptQuote><LocaleInfo LCTYPE="15"/></ScriptQuote><HTML><![CDATA[; frm.nopt.chDecimal = ]]></HTML><ScriptQuote><LocaleInfo LCTYPE="14"/></ScriptQuote><HTML><![CDATA[; frm.nopt.chMinus = ]]></HTML><ScriptQuote><LocaleInfo LCTYPE="81"/></ScriptQuote><HTML><![CDATA[; frm.nopt.iNegNumber = ]]></HTML><LocaleInfo LCTYPE="4112"/><HTML><![CDATA[; frm.nopt.SetGrouping(]]></HTML><ScriptQuote><LocaleInfo LCTYPE="16"/></ScriptQuote><HTML><![CDATA[); ]]></HTML>
<HTML><![CDATA[
frm.stFieldPrefix = ]]></HTML><ScriptQuote><FieldPrefix/></ScriptQuote><HTML><![CDATA[;
frm.stImagesPath = ]]></HTML><ScriptQuote>/_layouts/images/</ScriptQuote><HTML><![CDATA[;
frm.wBaseType = ]]></HTML><ListProperty Select="BaseType"/><HTML><![CDATA[;
</SCRIPT>]]></HTML>
<HTML><![CDATA[
<SCRIPT>
function DeleteItem()
{
    var L_Delete_text=L_STSDelConfirm_Text;
    if (confirm(L_Delete_text))
    {
       SetControlValue("onetidCmd", "Delete");
       SubmitFormPost(']]></HTML><HttpPath/><HTML><![CDATA[&Cmd=Delete&List=]]></HTML><List/><HTML><![CDATA[&ID=]]></HTML><ID/><HTML><![CDATA[&NextUsing=' + GetSource());
    }
}
function SubmitForm()
{
    theForm.action = ]]></HTML><ScriptQuote><HttpPath/></ScriptQuote><HTML><![CDATA[;
    frm.ValidateAndSubmit(true);
}
function Discuss(strUrl)
{
    var L_IE5upRequired_Text = "]]><![CDATA['Discuss' requires a Windows SharePoint Services-compatible application and Microsoft Internet Explorer 5.0 or greater.]]><![CDATA[";
    if (browseris.ie5up && browseris.win32)
	STSNavigate(strUrl);
    else
	alert(L_IE5upRequired_Text);
}
</SCRIPT>
]]></HTML>
<Switch><Expr><GetVar Name="HTMLFormName"/></Expr>
<Case Value=""><HTML><![CDATA[
<Form Name="OWSForm" EncType="multipart/form-data" Action="]]></HTML><HttpPath/><HTML><![CDATA[" Method=POST onsubmit="return false;">
]]></HTML></Case></Switch>
<HTML><![CDATA[
  <INPUT type=hidden name="_charset_">
  <INPUT type=hidden name="NextID" value="-1" />
  <INPUT type=hidden name="NextUsing" value="]]></HTML><GetVar Name="Source" HTMLEncode="TRUE"/><HTML><![CDATA[" />
  <INPUT ID=onetidCmd Type=Hidden Name="Cmd" Value="Save">
  <INPUT ID=onetidNotDemoting type=hidden name="NotDemoting">
  <INPUT ID=onetidNotDemotingURL type=hidden name="NotDemotingURL">
]]></HTML>
<Switch><Expr><GetVar Name="ChangeApproval"/></Expr>
<Case Value="TRUE">
<HTML><![CDATA[
<SCRIPT>
function SubmitModerateCommand()
{
    theForm.action = ]]></HTML><ScriptQuote><HttpPath/></ScriptQuote><HTML><![CDATA[;
    theForm["Cmd"].value = "MODERATE";
    frm.ValidateAndSubmit(true);
}
</SCRIPT>
<SPAN id='partChangeApproval'>
    <TABLE cellSpacing=0 cellPadding=0 border=0>
    <TBODY>
    <TR>
    <TD class="ms-descriptiontext" style="padding-bottom: 10px">]]></HTML><HTML>
    Use this page to approve or reject submissions. Note that rejecting an item does not delete it, and that users who know the exact URL of a rejected item can still view it.
    </HTML>
        <HTML><![CDATA[ <a HREF=javascript:HelpWindowKey("ContentApproval")>]]></HTML>
        <HTML>More information on content approval.</HTML>
        <HTML><![CDATA[</A>
    </TD>
    </TR>
        <TR><TD height=4><IMG SRC="/_layouts/images/blank.gif" width=1 height=1 alt=""></TD></TR>
    </TBODY>
    </TABLE>
    <TABLE width=100% border=0 cellpadding=0 cellspacing=0>
      <TBODY>
       <tr>
        <td class="ms-sectionline" colspan=4 height=1><IMG SRC="/_layouts/images/blank.gif" width=1 height=1 alt=""></td>
       </tr>
       <TR>
        <TD nowrap rowspan="2"></TD>
        <TD class="ms-descriptiontext" rowspan="2" valign="top"  ID="align02">
          <TABLE border=0 cellpadding=1 cellspacing=0>
            <TR><TD colspan=2 class="ms-sectionheader" height=28 valign=top ID="201">]]></HTML><HTML>Approval Status</HTML><HTML><![CDATA[</TD></TR>
            <TR><TD id=onetidListDescription class="ms-descriptiontext">]]></HTML><HTML>
                    Approve, reject, or leave the status as Pending for others with the Manage Lists right to evaluate the item.
            </HTML><HTML><![CDATA[</TD><TD width="10">&nbsp;</TD></TR>
          </TABLE>
        </TD>
        <TD height=10 colspan=2 class="ms-authoringcontrols"><IMG SRC="/_layouts/images/blank.gif" width=1 height=1 alt=""></TD>
       </TR>
       <TR>
        <TD class=ms-authoringcontrols colSpan=2>
         <TABLE cellSpacing=0 cellPadding=0 border=0><TR>
           <TD class="ms-authoringcontrols" width=10>&nbsp;</TD>
           <TD class="ms-authoringcontrols" ID="800" valign=top>
        	<INPUT id=onetidApproved Type="Radio"  Name="]]></HTML><FieldPrefix/><HTML><![CDATA[_ModerationStatus" Value=0]]></HTML>
        	<Switch><Expr><Field Name="_ModerationStatus"/></Expr>
        	<Case Value="0">
        	<HTML><![CDATA[ CHECKED ]]></HTML>
        	</Case>
        	<Default/>
        	</Switch>
        	<HTML><![CDATA[></TD>
           <TD class=ms-authoringcontrols style="PADDING-TOP: 3px">
        	<LABEL for="onetidApproved"><B>]]></HTML><HTML>Approved.</HTML><HTML><![CDATA[&nbsp;</B><BR>]]></HTML><HTML>This item will become visible to all users.</HTML><HTML><![CDATA[</LABEL>
                </TD>
               <TD class="ms-authoringcontrols" width=10>&nbsp;</TD>
               </TR>
               <TR><TD class="ms-authoringcontrols" colspan=4 height=6><IMG SRC="/_layouts/images/blank.gif" width=1 height=1 alt=""></TD></TR>
               <TR>
               <TD class="ms-authoringcontrols" width=10>&nbsp;</TD>
                <TD class="ms-authoringcontrols" ID="800" valign=top>
        	<INPUT id=onetidDenied Type="Radio"  Name="]]></HTML><FieldPrefix/><HTML><![CDATA[_ModerationStatus" Value=1]]></HTML>
        	<Switch><Expr><Field Name="_ModerationStatus"/></Expr>
        	<Case Value="1">
        	<HTML><![CDATA[ CHECKED ]]></HTML>
        	</Case>
        	<Default/>
        	</Switch>
        	<HTML><![CDATA[></TD>
           <TD class=ms-authoringcontrols style="PADDING-TOP: 3px">
        	<LABEL for="onetidDenied"><B>]]></HTML><HTML>Rejected.</HTML><HTML><![CDATA[&nbsp;</B><BR>]]></HTML><HTML>This item will be returned to its creator and not appear in public views.</HTML><HTML><![CDATA[</LABEL>
                </TD>
               <TD class="ms-authoringcontrols" width=10>&nbsp;</TD>
               </TR>
               <TR><TD class="ms-authoringcontrols" colspan=4 height=6><IMG SRC="/_layouts/images/blank.gif" width=1 height=1 alt=""></TD></TR>
               <TR>
               <TD class="ms-authoringcontrols" width=10>&nbsp;</TD>
                <TD class="ms-authoringcontrols" ID="800" valign=top>
        	<INPUT id=onetidPending Type="Radio"  Name="]]></HTML><FieldPrefix/><HTML><![CDATA[_ModerationStatus" Value=2]]></HTML>
        	<Switch><Expr><Field Name="_ModerationStatus"/></Expr>
        	<Case Value="2">
        	<HTML><![CDATA[ CHECKED ]]></HTML>
        	</Case>
        	<Default/>
        	</Switch>
        	<HTML><![CDATA[></TD>
           <TD class=ms-authoringcontrols style="PADDING-TOP: 3px">
        	<LABEL for="onetidPending"><B>]]></HTML><HTML>Pending.</HTML><HTML><![CDATA[&nbsp;</B><BR>]]></HTML><HTML>This item will remain visible to its creator and all users with the Manage Lists right.</HTML><HTML><![CDATA[</LABEL>
                </TD>
               <TD class="ms-authoringcontrols" width=10>&nbsp;</TD>
               </TR>
           <TR><TD class="ms-authoringcontrols" colspan=4 height=21><IMG SRC="/_layouts/images/blank.gif" width=1 height=1 alt=""></TD></TR>
         </TABLE>
        </td>
       </tr>
       <tr>
        <td class="ms-sectionline" colspan=4 height=1><IMG SRC="/_layouts/images/blank.gif" width=1 height=1 alt=""></td>
       </tr>
       <TR>
        <TD nowrap rowspan="3"></TD>
        <TD class="ms-descriptiontext" rowspan="3" valign="top"  ID="align02">
          <TABLE border=0 cellpadding=1 cellspacing=0>
            <TR><TD colspan=2 class="ms-sectionheader" height=28 valign=top ID="201">]]></HTML><HTML>Comment</HTML><HTML><![CDATA[</TD></TR>
            <TR><TD id=onetidListDescription class="ms-descriptiontext">]]></HTML><HTML>
                    Use this field to enter any comments about why the item was approved or rejected.
            </HTML><HTML><![CDATA[</TD><TD width="10">&nbsp;</TD></TR>
          </TABLE>
        </TD>
        <TD height=10 colspan=2 class="ms-authoringcontrols"><IMG SRC="/_layouts/images/blank.gif" width=1 height=1 alt=""></TD>
       </TR>
       <TR>
       <TD class="ms-authoringcontrols" width=10>&nbsp;</TD>
        <TD class="ms-authoringcontrols" ID="800">
          ]]></HTML><Field Name="_ModerationComments"/><HTML><![CDATA[
        </TD>
       </TR>
       <TR><TD class="ms-authoringcontrols" colspan=2 height=21><IMG SRC="/_layouts/images/blank.gif" width=1 height=1 alt=""></TD></TR>       
<!--OK/Cancel-->
    <TR><TD class=ms-sectionline height=2 colspan=4><IMG SRC="/_layouts/images/blank.gif" width=1 height=1 alt=""></TD></TR>
    <TR>
        <TD class=ms-spaceBetContentAndButton colspan=4><IMG SRC="/_layouts/images/blank.gif" width=1 height=1 alt=""></TD>
    </TR>
    <TR>
     <TD align=right colspan=4 ID="align01">
      <INPUT ID=onetidOK class="ms-ButtonHeightWidth" onClick="SubmitModerateCommand();" Type="button" Value="     OK     ">
      <span id="idSpace" class=ms-SpaceBetButtons></span>
      <INPUT ID=onetidCancel class="ms-ButtonHeightWidth" Type="button" onclick="window.parent.history.back()" Value="   Cancel   ">
     </TD>
    </TR>
    <tr>
      </TBODY>
    </TABLE>
</SPAN><SPAN id='part1' style='display:none'>]]></HTML>
</Case>
<Default>
<HTML><![CDATA[<SPAN id='part1'>]]></HTML>
</Default>
</Switch>
<Switch><Expr><Column Name='HTML_x0020_File_x0020_Type'/></Expr>
  <Case Value="SharePoint.WebPartPage.Document">
    <SetVar Name="IsWebPartPage" Scope="Request">1</SetVar>
  </Case>
</Switch>
  <Identity/>
</ListFormOpening>
<ListFormButtons>
    <Switch>
    <Expr><ListProperty Select="ModeratedList"/></Expr>
    <Case Value="0"/>
    <Default>
        <HTML><![CDATA[<table border=0><tr><td valign=top class="ms-propertysheet" style="padding-bottom: 10px"><font color=red><b>!&nbsp;</b></font>]]></HTML>
        <HTML>Items on this list require content approval. Your submission will not appear in public views until approved by someone with proper rights.</HTML>
        <HTML><![CDATA[ <a HREF=javascript:HelpWindowKey("ContentApproval")>]]></HTML>
        <HTML>More information on content approval.</HTML>
        <HTML><![CDATA[</A>]]></HTML>
        <HTML><![CDATA[</td></tr></table>]]></HTML>
    </Default>
    </Switch>
<HTML><![CDATA[
  <TABLE class="ms-toolbar" style="margin-left: 3px;" cellpadding=2 cellspacing=0 border=0>
   <TR>
       <TD class="ms-toolbar"> <table cellpadding=1 cellspacing=0 border=0> <tr> <td class="ms-toolbar" nowrap> <a tabindex=2 ID=diidIOSaveItem class="ms-toolbar" title=]]></HTML><HTML>"Save"</HTML><HTML><![CDATA[ ACCESSKEY=S href="javascript:SubmitForm()" target="_self"> <img src="/_layouts/images/saveitem.gif" ID="tbbuttonstart1" alt=]]></HTML><HTML>"Save"</HTML><HTML><![CDATA[ border=0 width=16 height=16></a></td> <td nowrap> <a tabindex=2 ID=diidIOSaveItem class="ms-toolbar" ACCESSKEY=S href="javascript:SubmitForm()" target="_self">
           <LocID ID="L_EditFormSave">]]></HTML>
           <HTML>Save and Close</HTML>
           <HTML><![CDATA[</LocID>
       </a> </td> </tr> </table> </TD>
    <TD class=ms-separator>|</td>
<TD class="ms-toolbar"> <table cellpadding=1 cellspacing=0 border=0> <tr> <td class="ms-toolbar" nowrap> <a tabindex=2 ID=diidIODeleteItem class="ms-toolbar" title=]]></HTML><HTML>"Delete"</HTML><HTML><![CDATA[ ACCESSKEY=X href="javascript:DeleteItem()" target="_self"> <img src="/_layouts/images/delitem.gif" ID="tbbuttonstart1" alt=]]></HTML><HTML>"Delete"</HTML><HTML><![CDATA[ border=0 width=16 height=16></a></td> <td nowrap> <a tabindex=2 ID=diidIODeleteItem class="ms-toolbar" ACCESSKEY=X href="javascript:DeleteItem()" target="_self">
   <LocID ID="L_EditFormDelete">]]></HTML><HTML>Delete Item</HTML><HTML><![CDATA[</LocID>
</a> </td> </tr> </table> </TD> 
<TD class=ms-separator>|</td>
    <TD class="ms-toolbar"><table cellpadding=1 cellspacing=0 border=0><tr><td colspan=2 nowrap><a tabindex="2" class="ms-toolbar" ACCESSKEY=G ID=diidIOGoBack href="]]></HTML><ListProperty Select='DefaultViewUrl'/><HTML><![CDATA[" ONCLICK="javascript:GoBack(']]></HTML><ScriptQuote NotAddingQuote="TRUE"><ListProperty Select="DefaultViewUrl"/></ScriptQuote><HTML><![CDATA[');return false;" target="_self">
<LocID ID="L_EditFormGoBack">]]></HTML><HTML>Go Back to Survey</HTML><HTML><![CDATA[</LocID>
</a></td></tr></table></TD>
<td width=100%><img src="/_layouts/images/blank.gif" alt=""></td>
   </TR>
  </TABLE>
  <table width=100% border=0 cellpadding=0 cellspacing=2>
  <tr>
   <td colspan=5 height=3><img border=0 width=1 height=3 src="/_layouts/images/blank.gif" alt=""></td>
  </tr>
  </table>
<font size=1><br></font>
]]></HTML>
</ListFormButtons>
<ListFormBody><HTML><![CDATA[
<TABLE border=0 cellpadding=2>]]></HTML>
<Switch>
<Expr><ListProperty Select="ModeratedList"/></Expr>
<Case Value="0"/>
<Default>
<Switch><Expr><GetVar Name="ChangeApproval"/></Expr>
<Case Value="TRUE"/>
<Default>
    <HTML><![CDATA[<INPUT TYPE=HIDDEN NAME="]]></HTML>
    <FieldPrefix/>
    <HTML><![CDATA[_ModerationStatus" VALUE="]]></HTML>
    <Field Name="_ModerationStatus"/>
    <HTML><![CDATA[">]]></HTML>
    <HTML><![CDATA[<INPUT TYPE=HIDDEN NAME="]]></HTML>
    <FieldPrefix/>
    <HTML><![CDATA[_ModerationComments" VALUE="]]></HTML>
    <Column Name="_ModerationComments" HTMLEncode="TRUE"/>
    <HTML><![CDATA[">]]></HTML>
</Default>
</Switch>
</Default>
</Switch>
      <Fields>
    <HTML><![CDATA[<TR><TH nowrap valign=top class="ms-formlabel">]]></HTML>
    <Property Select="DisplayName" HTMLEncode="TRUE" AutoNewLine="TRUE"/>
    <Switch>
      <Expr><Property Select="Required"/></Expr>
	  <Case Value="TRUE">
       <HTML><![CDATA[<font color=red> *</font>]]></HTML>
       <SetVar Scope="Request" Name="HasRequired">TRUE</SetVar>
      </Case>
    </Switch>
    <HTML><![CDATA[</TH></tr><tr><TD class="ms-formbody"><TABLE cellPadding=2 border=0><tr><td width=20px></td><td>]]></HTML>
    <Field/>
    <Switch>
      <Expr><Property Select="RichText"/></Expr>
      <Case Value="TRUE"/>
      <Default>
        <Switch>
          <Expr><Property Select="Type"/></Expr>
          <Case Value="Choice"/>
          <Case Value="MultiChoice"/>
          <Default>
            <HTML><![CDATA[&nbsp;]]></HTML>
            <Switch>
              <Expr><Property Select="NoEditFormBreak"/></Expr>
              <Case Value="TRUE"/>
              <Default>
                <HTML><![CDATA[<br>]]></HTML>
              </Default>
            </Switch>
          </Default>
        </Switch>
      </Default>
    </Switch>
    <HTML><![CDATA[</td></tr></table><SPAN class="ms-formdescription">]]></HTML>
    <Property Select="Description" HTMLEncode="TRUE" AutoHyperLink="TRUE" AutoNewLine="TRUE"/>
    <HTML><![CDATA[</SPAN></TD></TR>]]></HTML>
      </Fields>
<HTML><![CDATA[</TABLE>]]></HTML>
         <Switch>
           <Expr><GetVar Name="IsWebPartPage"/></Expr>
           <Case Value="1">
             <HTML><![CDATA[
               <P>
               <TABLE>
                 <TR>
                   <TD class="ms-formbody" valign=top>
                     Open this Web Part Page in maintenance view to delete problem Web Parts and remove personal settings.<BR>
                     <A href="]]></HTML><HttpVDir/><HTML><![CDATA[/_layouts/<%=System.Threading.Thread.CurrentThread.CurrentUICulture.LCID%>/spcontnt.aspx?url=]]></HTML><Field Name='ServerUrl' URLEncode='TRUE'/><HTML><![CDATA[">]]></HTML><HTML>Open Web Part Page in maintenance view</HTML><HTML><![CDATA[</A>  
                   </TD>
                 </TR>
               </TABLE>
             ]]></HTML>
           </Case>
         </Switch>
      <Switch>
        <Expr><GetVar Name="HasRequired"/></Expr>
        <Case Value="TRUE"><HTML><![CDATA[
        <TABLE border=0 cellpadding=2>
        <TR>
        <TD class="ms-descriptiontext" colspan=2 valign=top><br><font color=red>*</font>&nbsp;]]></HTML><HTML>indicates a required field</HTML><HTML><![CDATA[</td>
        </TR>
        </TABLE>
        ]]></HTML>
        </Case>
      </Switch>
<Switch>
<Expr>
    <GetVar Name="WebEditorPreview"/>
</Expr>
<Case Value="TRUE">
    <SetVar Name="DisplayMode" Scope="Request">PREVIEWDISPLAY</SetVar>   
</Case>
<Default>
    <SetVar Name="DisplayMode" Scope="Request">DISPLAY</SetVar>   
</Default>
</Switch>
<HTML><![CDATA[
<table border=0 cellpadding=0 cellspacing=0 width=100%>
 <tr><td>&nbsp;</td></tr>
 <tr>
  <td class="ms-formlabel"> 
   <table border=0 cellpadding=0 cellspacing=4 width=100%>
    <tr><td class="ms-sectionline" height=1><IMG SRC="/_layouts/images/blank.gif" width=1 height=1 alt=""></td></tr>
    <tr><td height=1><IMG SRC="/_layouts/images/blank.gif" width=1 height=1 alt=""></td></tr>
    <tr><td class="ms-formbody" ID=onetidinfoblock1>]]></HTML><HTML>Created at </HTML><SetVar Name="FreeForm" Scope="Request">TRUE</SetVar><Field Name="Created"/><HTML> by </HTML><Field Name="Author"/><HTML><![CDATA[</td></tr>
    <tr><td class="ms-formbody" ID=onetidinfoblock2>]]></HTML><HTML>Last modified at </HTML><SetVar Name="FreeForm" Scope="Request">TRUE</SetVar><Field Name="Modified"/><HTML> by </HTML><Field Name="Editor"/><HTML><![CDATA[</td></tr> 
]]></HTML><SetVar Name="FreeForm" Scope="Request"></SetVar><HTML><![CDATA[
   </table>
  </td>
 </tr>
</table>
]]></HTML>
</ListFormBody>
<ListFormClosing><HTML><![CDATA[
</SPAN>]]></HTML>
<Switch><Expr><GetVar Name="HTMLFormName"/></Expr>
<Case Value=""><HTML><![CDATA[</form>]]></HTML></Case>
</Switch>
<HTML><![CDATA[
<SCRIPT>
function OnLoadWrapper()
{
    try
    {
        if (null != document.all.onetidApproved)
            frm.InitFormFields();
        else
            frm.SetFirstFocus();
    }
    catch(e)
    {
    }
}
if ((browseris.ie4up) && !browseris.mac) 
{
    document.body.onload = OnLoadWrapper;
}
else 
{
    frm.SetFirstFocus();
}
</SCRIPT>
]]></HTML>
</ListFormClosing>
                     </Form>
                     <Form Type="NewForm" Url="NewForm.aspx" WebPartZoneID="Main">
<ListFormOpening><HTML><![CDATA[
<SCRIPT>
var frm = new OWSForm(]]></HTML><ScriptQuote><Switch><Expr><GetVar Name="HTMLFormName"/></Expr><Case Value=""><HTML><![CDATA[OWSForm]]></HTML></Case><Default><GetVar Name="HTMLFormName"/></Default></Switch></ScriptQuote><HTML><![CDATA[, true, ]]></HTML><ScriptQuote><HttpVDir/><HTML>/_layouts/</HTML></ScriptQuote><HTML><![CDATA[);
</SCRIPT>
]]></HTML>
<HTML><![CDATA[<SCRIPT>]]></HTML>
<HTML><![CDATA[ frm.dopt.chDateSep = ]]></HTML><ScriptQuote><LocaleInfo LCTYPE="29"/></ScriptQuote><HTML><![CDATA[; frm.dopt.chTimeSep = ]]></HTML><ScriptQuote><LocaleInfo LCTYPE="30"/></ScriptQuote><HTML><![CDATA[; frm.dopt.SetTimeFormat(]]></HTML><ProjectProperty Select="Time24"/><HTML><![CDATA[); frm.dopt.SetDateOrder(]]></HTML><LocaleInfo LCTYPE="33"/><HTML><![CDATA[); frm.dopt.SetDOW(]]></HTML><LocaleInfo LCTYPE="4108"/> <HTML><![CDATA[); frm.dopt.stAM = ]]></HTML><ScriptQuote><LocaleInfo LCTYPE="40"/></ScriptQuote><HTML><![CDATA[; frm.dopt.stPM = ]]></HTML><ScriptQuote><LocaleInfo LCTYPE="41"/></ScriptQuote><HTML><![CDATA[; frm.dopt.TimeMarkPosn = ]]></HTML><LocaleInfo LCTYPE="4101"/><HTML><![CDATA[; frm.dopt.webTZOffsetMin = ]]></HTML><ProjectProperty Select="TimeZoneBias"/><HTML><![CDATA[; ]]></HTML>
<HTML><![CDATA[ frm.nopt.chDigSep = ]]></HTML><ScriptQuote><LocaleInfo LCTYPE="15"/></ScriptQuote><HTML><![CDATA[; frm.nopt.chDecimal = ]]></HTML><ScriptQuote><LocaleInfo LCTYPE="14"/></ScriptQuote><HTML><![CDATA[; frm.nopt.chMinus = ]]></HTML><ScriptQuote><LocaleInfo LCTYPE="81"/></ScriptQuote><HTML><![CDATA[; frm.nopt.iNegNumber = ]]></HTML><LocaleInfo LCTYPE="4112"/><HTML><![CDATA[; frm.nopt.SetGrouping(]]></HTML><ScriptQuote><LocaleInfo LCTYPE="16"/></ScriptQuote><HTML><![CDATA[); ]]></HTML>
<HTML><![CDATA[
frm.stFieldPrefix = ]]></HTML><ScriptQuote><FieldPrefix/></ScriptQuote><HTML><![CDATA[;
frm.stImagesPath = ]]></HTML><ScriptQuote>/_layouts/images/</ScriptQuote><HTML><![CDATA[;
frm.wBaseType = ]]></HTML><ListProperty Select="BaseType"/><HTML><![CDATA[;
</SCRIPT>]]></HTML>
<HTML><![CDATA[
<Script>
function SetAction()
{
	var theForm = document.forms[]]></HTML><ScriptQuote><Switch><Expr><GetVar Name="HTMLFormName"/></Expr><Case Value=""><HTML><![CDATA[OWSForm]]></HTML></Case><Default><GetVar Name="HTMLFormName"/></Default></Switch></ScriptQuote><HTML><![CDATA[];
    theForm.action = ]]></HTML><ScriptQuote><HttpPath/></ScriptQuote><HTML><![CDATA[;
}
	g_MSclicked = false;
	function ClickOnce()
	{
		SetAction();
		if(!g_MSclicked)
		{
			if(frm.ValidateAndSubmit(true))
				g_MSclicked = true;
		}
		else
		{
			if(confirm(L_ClickOnce1_text ))
				frm.ValidateAndSubmit(true);
		}
	}
</Script>
]]></HTML>
<Switch><Expr><GetVar Name="HTMLFormName"/></Expr><Case Value=""><HTML><![CDATA[<Form Name="OWSForm" id=OWSForm EncType="multipart/form-data" Action="]]></HTML><HttpPath/><HTML><![CDATA[" Method=POST onSubmit="return false;">]]></HTML></Case></Switch>
<HTML><![CDATA[
<INPUT Type=Hidden Name="_charset_" Value="utf-8">
<INPUT ID=onetidCmd Type=Hidden Name="Cmd" Value="Save">
<INPUT ID=onetidIsFormValid type=hidden name="IsFormValid">
<INPUT ID=onetidFormWasPosted type=hidden name="FormWasPosted">
<INPUT ID="MustUpdateForm" type=hidden name="MustUpdateForm" value="true">
<INPUT type=hidden name="NextID" id="NextID" value="-1">
<INPUT type=hidden name="NextUsing" id="NextUsing" value="]]></HTML><GetVar Name="Source" HTMLEncode="TRUE"/><HTML><![CDATA[">
]]></HTML>
<HTML><![CDATA[<SPAN id='part1'>]]></HTML>
<Identity/>
</ListFormOpening>
<ListFormButtons>
    <Switch>
    <Expr><ListProperty Select="ModeratedList"/></Expr>
    <Case Value="0"/>
    <Default>
        <HTML><![CDATA[<table border=0><tr><td valign=top class="ms-propertysheet" style="padding-bottom: 10px"><font color=red><b>!&nbsp;</b></font>]]></HTML>
        <HTML>Items on this list require content approval. Your submission will not appear in public views until approved by someone with proper rights.</HTML>
        <HTML><![CDATA[ <a HREF=javascript:HelpWindowKey("ContentApproval")>]]></HTML>
        <HTML>More information on content approval.</HTML>
        <HTML><![CDATA[</A>]]></HTML>
        <HTML><![CDATA[</td></tr></table>]]></HTML>
    </Default>
    </Switch>
<HTML><![CDATA[
  <TABLE id=toolBarTbl class="ms-toolbar" style="margin-left: 3px;" cellpadding=2 cellspacing=0 border=0>
   <TR>
      <TD class="ms-toolbar"> <table cellpadding=1 cellspacing=0 border=0> <tr> <td class="ms-toolbar" nowrap> <a tabindex=2 ID=diidIOSaveItem class="ms-toolbar" title=]]></HTML><HTML>"Save and Close"</HTML><HTML><![CDATA[ ACCESSKEY=S href="javascript:ClickOnce()" target="_self"> <img src="/_layouts/images/saveitem.gif" ID="tbbuttonstart1" alt=]]></HTML><HTML>"Save and Close"</HTML><HTML><![CDATA[ border=0 width=16 height=16></a></td> <td nowrap> <a tabindex=2 ID=diidIOSaveItem class="ms-toolbar" ACCESSKEY=S href="javascript:ClickOnce()" target="_self">
      <LocID ID="L_NewFormSaveClose">
    ]]></HTML>
      <HTML>Save and Close</HTML>
    <HTML><![CDATA[  
      </LocID>
      </td>
      </tr>
      </table>
    </TD>
    <TD class=ms-separator>|</TD>
    <TD class="ms-toolbar">
       <table cellpadding=1 cellspacing=0 border=0>
         <tr>
           <td colspan=2 nowrap>
             <a tabindex=2 class="ms-toolbar" ACCESSKEY=G ID=diidIOGoBack href="]]></HTML><ListProperty Select="DefaultViewUrl"/><HTML><![CDATA[" onclick="javascript:GoBack(']]></HTML><ScriptQuote NotAddingQuote="TRUE"><ListProperty Select="DefaultViewUrl"/></ScriptQuote><HTML><![CDATA[');javascript:return false;" target="_self">
               <LocID ID="L_NewFormGoBack">]]></HTML><HTML>Go Back to Survey</HTML><HTML><![CDATA[</LocID>
             </a>
           </td>
         </tr>
       </table>
    </TD>
    <td width=100%><IMG SRC="/_layouts/images/blank.gif" width=1 height=1 alt=""></td>
   </TR>
  </TABLE>
  <table width=100% border=0 cellpadding=0 cellspacing=2>
   <tr>
    <td  colspan=3 height=3><IMG SRC="/_layouts/images/blank.gif" width=1 height=3 alt=""></td>
   </tr>
  </table>
  <font size=1><br></font>
  ]]></HTML>
</ListFormButtons>
<ListFormBody>
<HTML><![CDATA[<TABLE border=0 cellpadding=2>
]]></HTML>
      <Fields>
    <HTML><![CDATA[<TR><TH nowrap valign=top class="ms-formlabel">]]></HTML>
    <Property Select="DisplayName" HTMLEncode="TRUE" AutoNewLine="TRUE"/>
    <Switch>
      <Expr><Property Select="Required"/></Expr>
      <Case Value="TRUE">
        <HTML><![CDATA[<font color=red> *</font>]]></HTML>
        <SetVar Scope="Request" Name="HasRequired">TRUE</SetVar>
      </Case>
    </Switch>
    <HTML><![CDATA[</TH></tr><tr><TD class="ms-formbody"><TABLE cellPadding=2 border=0><tr><td width=20px></td><td>]]></HTML>
    <Field/>
    <Switch>
      <Expr><Property Select="RichText"/></Expr>
      <Case Value="TRUE"/>
      <Default>
        <Switch>
          <Expr><Property Select="Type"/></Expr>
          <Case Value="Choice"/>
          <Case Value="MultiChoice"/>
          <Default>
            <HTML><![CDATA[&nbsp;]]></HTML>
            <Switch>
              <Expr><Property Select="NoEditFormBreak"/></Expr>
              <Case Value="TRUE"/>
              <Default>
                <HTML><![CDATA[<br>]]></HTML>
              </Default>
            </Switch>
          </Default>
        </Switch>
      </Default>
    </Switch>
    <HTML><![CDATA[</td></tr></table><SPAN class="ms-formdescription">]]></HTML>
    <Property Select="Description" HTMLEncode="TRUE" AutoHyperLink="TRUE" AutoNewLine="TRUE"/>
    <HTML><![CDATA[</SPAN></TD></TR>]]></HTML>
      </Fields>
<HTML><![CDATA[</TABLE>]]></HTML>
      <Switch>
        <Expr><GetVar Name="HasRequired"/></Expr>
        <Case Value="TRUE"><HTML><![CDATA[
          <TABLE border=0 cellpadding=2>
          <TR>
            <TD id=reqdFldTxt class="ms-descriptiontext" colspan=2 height=150px valign=top><br><font color=red>*</font> 
             &nbsp;]]></HTML><HTML>indicates a required field</HTML><HTML><![CDATA[
            </TD>
          </TR>
          </TABLE>
          ]]></HTML>
        </Case>
      </Switch>
</ListFormBody>
<ListFormClosing>
<HTML><![CDATA[
</SPAN>]]></HTML>
<Switch><Expr><GetVar Name="HTMLFormName"/></Expr>
<Case Value=""><HTML><![CDATA[</form>]]></HTML></Case>
</Switch>
<HTML><![CDATA[
<SCRIPT>
function OnLoadWrapper()
{
    try{frm.SetFirstFocus();}catch(e){}
}
if ((browseris.ie4up) && !browseris.mac)
{
    document.body.onload = OnLoadWrapper;
}
else
{
    frm.SetFirstFocus();
}
</SCRIPT>
]]></HTML>
</ListFormClosing>
                     </Form>
                  </Forms>
<Toolbar Type="RelatedTasks">
<HTML><![CDATA[
<TABLE width=100% cellpadding=0 cellspacing=2 BORDER=0>
<TR><TD width=100% ID="L_RelatedTasks">Actions</TD></TR>
<TR><TD class="ms-navline"><IMG SRC="/_layouts/images/blank.gif" width=1 height=1 alt=""></TD></TR>
]]></HTML><Switch><Expr><GetVar Name="HasPortal"/></Expr><Case Value="TRUE"><HTML><![CDATA[ <tr> <td style="padding-left: 2px;padding-bottom: 2px" width=100%> <table border=0 cellpadding=0 cellspacing=0 width=100%> <tr> <td width=100% class="ms-unselectednav" colspan=2> <table cellpadding=0 cellspacing=0 border=0> <tr> <td valign=top> <img src="/_layouts/images/rect.gif">&nbsp; </td> <td><A ACCESSKEY="M" ID="diidPinToMyPage" HREF='javascript:PortalPinToMyPage(document.forms[MSOWebPartPageFormName], ]]></HTML><ScriptQuote><ProjectProperty Select="PortalUrl"/></ScriptQuote><HTML><![CDATA[, ]]></HTML><ScriptQuote><MeetingProperty Select="InstanceID"/></ScriptQuote><HTML><![CDATA[)'>]]></HTML><HTML>Add to My Links</HTML><HTML><![CDATA[</A></td> </tr> </table> </td> </tr> </table> </td> </tr> <INPUT Type="Hidden" Name="ListTitle" Value="]]></HTML><ListProperty Select="Title" HTMLEncode="TRUE"/><HTML><![CDATA["><INPUT Type="Hidden" Name="ListDescription" Value="]]></HTML><ListProperty Select="Description" HTMLEncode="TRUE"/><HTML><![CDATA["><INPUT Type="Hidden" Name="ListViewUrl" Value="]]></HTML><PageUrl HTMLEncode="TRUE"/><HTML><![CDATA["><INPUT Type="Hidden" Name="BaseType" Value="]]></HTML><ListProperty Select="BaseType"/><HTML><![CDATA["><INPUT Type="Hidden" Name="ServerTemplate" Value="]]></HTML><ListProperty Select="ServerTemplate"/><HTML><![CDATA["><INPUT Type="Hidden" Name="ReturnUrl" Value=""> ]]></HTML></Case></Switch><HTML><![CDATA[
<tr> <td style="padding-left: 2px;padding-bottom: 2px" width=100%> <table border=0 cellpadding=0 cellspacing=0 width=100%> <tr> <td width=100% class="ms-unselectednav" colspan=2> <table cellpadding=0 cellspacing=0 border=0> <tr> <td valign=top> <img src="/_layouts/images/rect.gif">&nbsp; </td> <td><A ACCESSKEY="B" ID="diidSubscribeButton" HREF="]]></HTML><HttpVDir/><HTML><![CDATA[/_layouts/<%=System.Threading.Thread.CurrentThread.CurrentUICulture.LCID%>/SubNew.aspx?List=]]></HTML><List/><HTML><![CDATA[">]]></HTML><HTML>Alert me</HTML><HTML><![CDATA[</A></td> </tr> </table> </td> </tr> </table> </td> </tr>
<tr> <td style="padding-left: 2px;padding-bottom: 2px" width=100%> <table border=0 cellpadding=0 cellspacing=0 width=100%> <tr> <td width=100% class="ms-unselectednav" colspan=2> <table cellpadding=0 cellspacing=0 border=0> <tr> <td valign=top> <img src="/_layouts/images/rect.gif">&nbsp; </td> <td><A ACCESSKEY="C" ID="diidCustomizeButton" HREF="]]></HTML><HttpVDir/><HTML><![CDATA[/_layouts/<%=System.Threading.Thread.CurrentThread.CurrentUICulture.LCID%>/survedit.aspx?List=]]></HTML><List/><HTML><![CDATA[">]]></HTML><HTML>Modify survey and questions</HTML><HTML><![CDATA[</A></td> </tr> </table> </td> </tr> </table> </td> </tr>
</TABLE>
]]></HTML>
</Toolbar>
               </MetaData>
            </List>
