<?xml version="1.0" encoding="utf-8" ?>
<!-- _lcid="1033" _version="11.0.5510" _dal="1" -->
<!-- _LocalBinding -->
            <List xmlns:ows="Microsoft SharePoint" Name="datasources" Title="Data Sources" Direction="0" Url="Data Sources" BaseType="1" Default="UNIQUE" PrivateList="TRUE">
            
               <MetaData>
                  <Fields>
					 <Field Name="DSSourceTitle" maxLength="255" DisplayName="DSSourceTitle" Type="Text" Required="TRUE" Hidden="TRUE" ReadOnly="TRUE" node="udc:DataSource/udc:Name" /> 
					 <Field Name="DSDescription" NumLines="6" Sortable="FALSE" DisplayName="DSDescription" Type="Note" Hidden="TRUE" ReadOnly="TRUE" node="udc:DataSource/udc:Description" /> 
					 <Field Name="DSKeywords" maxLength="255" DisplayName="DSKeywords" Type="Text" Hidden="TRUE" ReadOnly="TRUE" node="udc:DataSource/udc:Keywords" /> 
					 <Field Name="DSTooltipInfo" NumLines="2" Sortable="FALSE" DisplayName="DSTooltipInfo" Type="Note" Hidden="TRUE" ReadOnly="TRUE" node="udc:DataSource/udc:TooltipInfo" /> 
					 <Field Name="DSType" maxLength="255" DisplayName="DSType" Type="Text" Required="TRUE" Hidden="TRUE" ReadOnly="TRUE" node="udc:DataSource/udc:Type/udc:SubType/udc:SubType/@Type" /> 
                  </Fields>
                  <Views>
                    <View BaseViewID="0" Type="HTML">
<GroupByHeader> <HTML><![CDATA[<TBODY id="titl]]></HTML> 		    <GetVar Name="GroupByLevelString"/> 		    <HTML><![CDATA["><TR]]></HTML> <Switch><Expr><GetVar Name="GroupByIndent"/></Expr><Case Value="0"> <HTML><![CDATA[ class="ms-gb" ]]></HTML> </Case><Default> <HTML><![CDATA[ class="ms-gb2" ]]></HTML> </Default> </Switch> <HTML><![CDATA[><TD colspan="100" nowrap><img src="/_layouts/images/blank.gif" alt="" height=1 width=]]></HTML> <GetVar Name="GroupByIndent"/> <HTML><![CDATA[><a href="javascript:" onclick="javascript:ExpCollGroup(']]></HTML> 		    <GetVar Name="GroupByLevelString"/> 		    <HTML><![CDATA[','img_]]></HTML> 		    <GetVar Name="GroupByLevelString"/> 		    <HTML><![CDATA[');return false;"><img id="img_]]></HTML> 		    <GetVar Name="GroupByLevelString"/> 		    <HTML><![CDATA[" src="/_layouts/images/minus.gif" alt="]]></HTML> 		    <HTML>Expand/Collapse</HTML> 		    <HTML><![CDATA[" border="0"></a>&nbsp;]]></HTML> <GetVar Name="GroupByField" HTMLEncode="TRUE" /> <HTML><![CDATA[ :&nbsp;]]></HTML><GetVar Name="GroupByValue"/> <HTML><![CDATA[</TD></TR></TBODY>]]></HTML> </GroupByHeader>
<GroupByFooter> <Switch><Expr><GetVar Name="GroupByIndent"/></Expr><Case Value="0"> <HTML><![CDATA[<TBODY id="foot]]></HTML> 		     <GetVar Name="GroupByLevelString"/> 		     <HTML><![CDATA[_"><TR><TD><BR></TD></TR></TBODY>]]></HTML> </Case><Default/> </Switch> <Switch><Expr><GetVar Name="GroupByCollapse"/></Expr><Case Value="TRUE"> <HTML><![CDATA[<SCRIPT>ExpCollGroup(']]></HTML> 		    <GetVar Name="GroupByLevelString"/> 		    <HTML><![CDATA[','img_]]></HTML> 		    <GetVar Name="GroupByLevelString"/> 		    <HTML><![CDATA[');</SCRIPT>]]></HTML> </Case><Default/> </Switch> </GroupByFooter>
<ViewHeader>
<HTML><![CDATA[<TABLE width="100%" cellspacing=0 cellpadding=0 border=0>]]></HTML>
<HTML><![CDATA[<SCRIPT>
ctx = new ContextInfo();
ctx.listBaseType = ]]></HTML><ListProperty Select="BaseType"/><HTML><![CDATA[;
ctx.listTemplate = ]]></HTML><ListProperty Select="ServerTemplate"/><HTML><![CDATA[;
ctx.listName = ]]></HTML><ScriptQuote><List/></ScriptQuote><HTML><![CDATA[;
ctx.listUrlDir = ]]></HTML><ScriptQuote><ListUrlDir WebRel="TRUE"/></ScriptQuote><HTML><![CDATA[;
ctx.HttpPath = ]]></HTML><ScriptQuote><HttpPath/></ScriptQuote><HTML><![CDATA[;
ctx.HttpRoot = ]]></HTML><ScriptQuote><HttpVDir/></ScriptQuote><HTML><![CDATA[;
ctx.imagesPath = ]]></HTML><ScriptQuote>/_layouts/images/</ScriptQuote><HTML><![CDATA[;
ctx.PortalUrl = ]]></HTML><ScriptQuote><ProjectProperty Select="PortalUrl"/></ScriptQuote><HTML><![CDATA[;
if (ctx.PortalUrl == "") ctx.PortalUrl = null;
ctx.displayFormUrl = ]]></HTML><ScriptQuote><URL Cmd="DISPLAY" NoID="TRUE"/></ScriptQuote><HTML><![CDATA[;
ctx.editFormUrl = ]]></HTML><ScriptQuote><URL Cmd="EDIT" NoID="TRUE"/></ScriptQuote><HTML><![CDATA[;
ctx.isWebEditorPreview = ]]></HTML><Switch><Expr><GetVar Name="WebEditorPreview"/></Expr><Case Value="TRUE">1</Case><Default>0</Default></Switch><HTML><![CDATA[;
ctx.ctxId = ]]></HTML><Counter Type="View"/><HTML><![CDATA[;
]]></HTML><Switch>
<Expr><ListProperty Select="ModeratedList"/></Expr>
<Case Value="0"/>
<Default>
ctx.isModerated = true;
</Default>
</Switch>
<Switch><Expr><GetVar Name="RecursiveView"/></Expr>
<Case Value="1">
ctx.recursiveView = true;
</Case>
<Default/>
</Switch>
<HTML><![CDATA[ 
ctx]]></HTML><Counter Type="View"/><HTML><![CDATA[ = ctx;
</SCRIPT>]]></HTML>
<HTML><![CDATA[<SCRIPT LANGUAGE="VBSCRIPT">
    On Error Resume Next
    Set EditDocumentButton = CreateObject("SharePoint.OpenDocuments.2")
    If (IsObject(EditDocumentButton)) Then
        fNewDoc2 = true
    Else
        Set EditDocumentButton = CreateObject("SharePoint.OpenDocuments.1")
    End If
    fNewDoc = IsObject(EditDocumentButton)
</SCRIPT>
]]></HTML>
<HTML><![CDATA[<tr><td>]]></HTML>
    <HTML><![CDATA[<TABLE ID="onetidDoclibViewTbl0]]></HTML>
    <HTML><![CDATA[" width="100%" class="ms-summarystandardbody" border=0 cellspacing=0 cellpadding=1 rules=rows><TR VALIGN=TOP>]]></HTML>
    <Fields>
        <Switch><Expr><Property Select="Name"/></Expr>
        <Case Value="Attachments">
            <HTML><![CDATA[<TH nowrap class="ms-vh-icon">]]></HTML>
            <Field/>
            <HTML><![CDATA[</TH>]]></HTML>
        </Case>
        <Default>
        <Switch>
            <Expr><Property Select='HeaderImage'/></Expr>
            <Case Value=""><Switch><Expr><Property Select="Type"/><PresenceEnabled/></Expr>
                            <Case Value="UserTRUE"><HTML><![CDATA[<TH nowrap class="ms-vh">]]></HTML><Field/><HTML><![CDATA[</TH>]]></HTML></Case>
                            <Default><HTML><![CDATA[<TH nowrap class="ms-vh2">]]></HTML><Field/><HTML><![CDATA[</TH>]]></HTML></Default>
                           </Switch>
            </Case>
            <Default><HTML><![CDATA[<TH nowrap class="ms-vh-icon">]]></HTML><Field/><HTML><![CDATA[</TH>]]></HTML></Default>
        </Switch>
        </Default>
        </Switch>
    </Fields>
    <HTML><![CDATA[</TR>]]></HTML>
</ViewHeader>
<ViewBody>
    <HTML><![CDATA[<TR>]]></HTML>
    <Fields>
        <HTML><![CDATA[<TD Class="]]></HTML>
	<FieldSwitch> <Expr><Property Select="ClassInfo"/></Expr> <Case Value="Menu"><HTML><![CDATA[ms-vb-title" height="100%]]></HTML></Case> <Case Value="Icon">ms-vb-icon</Case> <Default> <FieldSwitch> <Expr><Property Select="Type"/><PresenceEnabled/></Expr> <Case Value="UserTRUE">ms-vb-user</Case> <Default>ms-vb2</Default> </FieldSwitch> </Default> </FieldSwitch>
        <HTML><![CDATA[">]]></HTML>
        <Field/>
        <HTML><![CDATA[</TD>]]></HTML>
    </Fields>
    <HTML><![CDATA[</TR>]]></HTML>
</ViewBody>
<ViewFooter>
<HTML><![CDATA[<tr><td><img height=5px src="/_layouts/images/blank.gif" alt=""></td></tr></TABLE>]]></HTML>
<HTML><![CDATA[</td></tr></table>]]></HTML>
</ViewFooter>
<RowLimitExceeded>
<HTML><![CDATA[
        <TABLE class="ms-summarystandardbody" width="100%" border=0 rules=rows><TR><TD Class="ms-vb"><a href="]]></HTML><ListProperty Select='DefaultViewUrl'/>
<Switch>
    <Expr><GetVar Name="RootFolder"/></Expr>
    <Case Value=""/>
    <Default>
        <HTML><![CDATA[?RootFolder=]]></HTML><GetVar Name="RootFolder" URLEncode="TRUE"/>
    </Default>
</Switch>
<HTML><![CDATA[" ID=onetidMore>]]></HTML>
        <HTML>(More Items...)</HTML>
        <HTML><![CDATA[</a></TD></TR>
        <tr><td height="8"><img src="]]></HTML><HttpVDir/><HTML><![CDATA[/_layouts/images/blank.gif" width="1" height="8" alt="">
        </td></tr>
        </TABLE>]]></HTML>
</RowLimitExceeded>
<ViewEmpty>
    <HTML><![CDATA[<TABLE width="100%" cellspacing=0 cellpadding=0 border=0><tr><td>]]></HTML>
    <HTML><![CDATA[<TABLE ID=onetidDoclibViewTbl0 width="100%" Summary="]]></HTML>
    <ListProperty Select="Title" HTMLEncode="TRUE"/>
    <HTML><![CDATA[" class="ms-summarycustombody" cellpadding=0 cellspacing=0 ]]></HTML>
    <HTML><![CDATA[border=0 rules=rows><TR>]]></HTML>
    <Fields>
        <Switch><Expr><Property Select="Name"/></Expr>
        <Case Value="Attachments">
            <HTML><![CDATA[<TH class="ms-vh-icon">]]></HTML>
            <Field/>
            <HTML><![CDATA[</TH>]]></HTML>
        </Case>
        <Default>
        <Switch>
            <Expr><Property Select='HeaderImage'/></Expr>
            <Case Value=""><HTML><![CDATA[<TH class="ms-vh">]]></HTML><Field/><HTML><![CDATA[</TH>]]></HTML></Case>
            <Default><HTML><![CDATA[<TH class="ms-vh-icon">]]></HTML><Field/><HTML><![CDATA[</TH>]]></HTML></Default>
        </Switch>
        </Default>
        </Switch>
    </Fields>
    <HTML><![CDATA[</TR>]]></HTML>
    <HTML><![CDATA[</TABLE>]]></HTML>
    <HTML><![CDATA[</td></tr>]]></HTML>
    <HTML><![CDATA[<tr><td>]]></HTML>
    <HTML><![CDATA[<TABLE ]]></HTML>
  <HTML><![CDATA[ class="ms-summarycustombody" cellpadding=0 cellspacing=0  ]]></HTML> 
<HTML><![CDATA[ border=0 rules=rows><TR>]]></HTML>
    <HTML><![CDATA[<TD Class="ms-vb"> ]]></HTML>
    <HTML>There are no items to show in this view of the "</HTML>
    <ListProperty Select="Title" HTMLEncode="TRUE"/>
    <HTML>" document library.  To create a new item, click "Add new document" below.</HTML>
    <HTML><![CDATA[</TD>]]></HTML>
    <HTML><![CDATA[</tr><tr><td height="5"><img src="]]></HTML><HttpVDir/><HTML><![CDATA[/_layouts/images/blank.gif" width="1" height="5" alt=""></td></tr></table>]]></HTML>
    <HTML><![CDATA[</td></tr></TABLE>]]></HTML>
</ViewEmpty>
<ViewBidiHeader>
<HTML><![CDATA[<TABLE width="100%" cellspacing=0 cellpadding=0 border=0>]]></HTML>
<HTML><![CDATA[<SCRIPT>
ctx = new ContextInfo();
ctx.listBaseType = ]]></HTML><ListProperty Select="BaseType"/><HTML><![CDATA[;
ctx.listTemplate = ]]></HTML><ListProperty Select="ServerTemplate"/><HTML><![CDATA[;
ctx.listName = ]]></HTML><ScriptQuote><List/></ScriptQuote><HTML><![CDATA[;
ctx.listUrlDir = ]]></HTML><ScriptQuote><ListUrlDir WebRel="TRUE"/></ScriptQuote><HTML><![CDATA[;
ctx.HttpPath = ]]></HTML><ScriptQuote><HttpPath/></ScriptQuote><HTML><![CDATA[;
ctx.HttpRoot = ]]></HTML><ScriptQuote><HttpVDir/></ScriptQuote><HTML><![CDATA[;
ctx.imagesPath = ]]></HTML><ScriptQuote>/_layouts/images/</ScriptQuote><HTML><![CDATA[;
ctx.PortalUrl = ]]></HTML><ScriptQuote><ProjectProperty Select="PortalUrl"/></ScriptQuote><HTML><![CDATA[;
if (ctx.PortalUrl == "") ctx.PortalUrl = null;
ctx.displayFormUrl = ]]></HTML><ScriptQuote><URL Cmd="DISPLAY" NoID="TRUE"/></ScriptQuote><HTML><![CDATA[;
ctx.editFormUrl = ]]></HTML><ScriptQuote><URL Cmd="EDIT" NoID="TRUE"/></ScriptQuote><HTML><![CDATA[;
ctx.isWebEditorPreview = ]]></HTML><Switch><Expr><GetVar Name="WebEditorPreview"/></Expr><Case Value="TRUE">1</Case><Default>0</Default></Switch><HTML><![CDATA[;
ctx.ctxId = ]]></HTML><Counter Type="View"/><HTML><![CDATA[;
]]></HTML><Switch>
<Expr><ListProperty Select="ModeratedList"/></Expr>
<Case Value="0"/>
<Default>
ctx.isModerated = true;
</Default>
</Switch>
<Switch><Expr><GetVar Name="RecursiveView"/></Expr>
<Case Value="1">
ctx.recursiveView = true;
</Case>
<Default/>
</Switch>
<HTML><![CDATA[ 
ctx]]></HTML><Counter Type="View"/><HTML><![CDATA[ = ctx;
</SCRIPT>]]></HTML>
<HTML><![CDATA[<SCRIPT LANGUAGE="VBSCRIPT">
    On Error Resume Next
    Set EditDocumentButton = CreateObject("SharePoint.OpenDocuments.2")
    If (IsObject(EditDocumentButton)) Then
        fNewDoc2 = true
    Else
        Set EditDocumentButton = CreateObject("SharePoint.OpenDocuments.1")
    End If
    fNewDoc = IsObject(EditDocumentButton)
</SCRIPT>
]]></HTML>
<HTML><![CDATA[<tr><td>]]></HTML>
    <HTML><![CDATA[<TABLE ID="onetidDoclibViewTbl0]]></HTML>
    <HTML><![CDATA[" width="100%" class="ms-summarystandardbody" border=0 cellspacing=0 cellpadding=1 rules=rows dir="]]></HTML>
    <ListProperty Select="Direction"/>
    <HTML><![CDATA["><TR VALIGN=TOP>]]></HTML>
    <Switch>
    <Expr><ListProperty Select='Direction'/></Expr>
    <Case Value="LTR">
        <SetVar Name="MsVhDirection" Scope="Request" Value="ms-vh-left"/>
    </Case>
    <Case Value="RTL">
        <SetVar Name="MsVhDirection" Scope="Request" Value="ms-vh-right"/>
    </Case>
    <Default>
        <SetVar Name="MsVhDirection" Scope="Request" Value="ms-vh"/>
    </Default>
    </Switch>    
    <Fields>
        <Switch><Expr><Property Select="Name"/></Expr>
        <Case Value="Attachments">
            <HTML><![CDATA[<TH nowrap class="]]></HTML>
            <GetVar Name="MsVhDirection"/>
            <HTML><![CDATA[">]]></HTML>
            <Field/>
            <HTML><![CDATA[</TH>]]></HTML>
        </Case>
        <Default>
        <Switch>
            <Expr><Property Select='HeaderImage'/></Expr>
            <Case Value=""><Switch><Expr><Property Select="Type"/><PresenceEnabled/></Expr>
                            <Case Value="UserTRUE"><HTML><![CDATA[<TH nowrap class="]]></HTML><GetVar Name="MsVhDirection"/><HTML><![CDATA[">]]></HTML><Field/><HTML><![CDATA[</TH>]]></HTML></Case>
                            <Default><HTML><![CDATA[<TH nowrap class="]]></HTML><GetVar Name="MsVhDirection"/><HTML><![CDATA[">]]></HTML><Field/><HTML><![CDATA[</TH>]]></HTML></Default>
                           </Switch>
            </Case>
            <Default><HTML><![CDATA[<TH nowrap class="]]></HTML><GetVar Name="MsVhDirection"/><HTML><![CDATA[">]]></HTML><Field/><HTML><![CDATA[</TH>]]></HTML></Default>
        </Switch>
        </Default>
        </Switch>
    </Fields>
    <HTML><![CDATA[</TR>]]></HTML>
</ViewBidiHeader>
<Toolbar Position="After" Type="Freeform"><HTML><![CDATA[ <table width=100% cellpadding=0 cellspacing=0 border=0 > <tr> <td colspan="2" class="ms-partline"><IMG SRC="/_layouts/images/blank.gif" width=1 height=1 alt=""></td> </tr> <tr> <td class="ms-addnew" style="padding-bottom: 3px"> <img src="/_layouts/images/rect.gif" alt="">&nbsp;<a class="ms-addnew" ID="idAddNewDataSrc" href="]]></HTML><URL Cmd="New"/><HTML>?RootFolder=</HTML><GetVar Name="RootFolder" URLEncode="TRUE"/><HTML><![CDATA[" ONCLICK="javascript:NewItem(']]></HTML><URL Cmd="New"/><HTML>?RootFolder=</HTML><GetVar Name="RootFolder" URLEncode="TRUE"/><HTML><![CDATA[', true);javascript:return false;" target="_self">]]></HTML> <HTML>Add new document</HTML><HTML><![CDATA[</a> </td> </tr> <tr><td><IMG SRC="/_layouts/images/blank.gif" width=1 height=5 alt=""></td></tr> </table>]]></HTML></Toolbar>
                <RowLimit>20</RowLimit>
                <ViewFields>
                    <FieldRef Name="DocIcon"></FieldRef>
                    <FieldRef Name="LinkFilenameNoMenu"></FieldRef>
                    <FieldRef Name="Editor"></FieldRef>
                </ViewFields>
                <Query>
                    <OrderBy>
                        <FieldRef Name="Last_x0020_Modified" Ascending="FALSE"></FieldRef>
                    </OrderBy>
                </Query>
            </View>
                  </Views>
                  <Forms>
                  </Forms>
                   <DefaultDescription>
                   </DefaultDescription>
<Toolbar Type="RelatedTasks">
<HTML><![CDATA[
<TABLE width=100% cellpadding=0 cellspacing=2 BORDER=0>
<TR><TD width=100% ID="L_RelatedTasks">Actions</TD></TR>
<TR><TD class="ms-navline"><IMG SRC="/_layouts/images/blank.gif" width=1 height=1 alt=""></TD></TR>
]]></HTML><Switch><Expr><GetVar Name="HasPortal"/></Expr><Case Value="TRUE"><HTML><![CDATA[ <tr> <td style="padding-left: 2px;padding-bottom: 2px" width=100%> <table border=0 cellpadding=0 cellspacing=0 width=100%> <tr> <td width=100% class="ms-unselectednav" colspan=2> <table cellpadding=0 cellspacing=0 border=0> <tr> <td valign=top> <img src="/_layouts/images/rect.gif">&nbsp; </td> <td><A ACCESSKEY="M" ID="diidPinToMyPage" HREF='javascript:PortalPinToMyPage(document.forms[MSOWebPartPageFormName], ]]></HTML><ScriptQuote><ProjectProperty Select="PortalUrl"/></ScriptQuote><HTML><![CDATA[, ]]></HTML><ScriptQuote><MeetingProperty Select="InstanceID"/></ScriptQuote><HTML><![CDATA[)'>]]></HTML><HTML>Add to My Links</HTML><HTML><![CDATA[</A></td> </tr> </table> </td> </tr> </table> </td> </tr> <INPUT Type="Hidden" Name="ListTitle" Value="]]></HTML><ListProperty Select="Title" HTMLEncode="TRUE"/><HTML><![CDATA["><INPUT Type="Hidden" Name="ListDescription" Value="]]></HTML><ListProperty Select="Description" HTMLEncode="TRUE"/><HTML><![CDATA["><INPUT Type="Hidden" Name="ListViewUrl" Value="]]></HTML><PageUrl HTMLEncode="TRUE"/><HTML><![CDATA["><INPUT Type="Hidden" Name="BaseType" Value="]]></HTML><ListProperty Select="BaseType"/><HTML><![CDATA["><INPUT Type="Hidden" Name="ServerTemplate" Value="]]></HTML><ListProperty Select="ServerTemplate"/><HTML><![CDATA["><INPUT Type="Hidden" Name="ReturnUrl" Value=""> ]]></HTML></Case></Switch><HTML><![CDATA[
<tr> <td style="padding-left: 2px;padding-bottom: 2px" width=100%> <table border=0 cellpadding=0 cellspacing=0 width=100%> <tr> <td width=100% class="ms-unselectednav" colspan=2> <table cellpadding=0 cellspacing=0 border=0> <tr> <td valign=top> <img src="/_layouts/images/rect.gif">&nbsp; </td> <td><A ACCESSKEY="B" ID="diidSubscribeButton" HREF="]]></HTML><HttpVDir/><HTML><![CDATA[/_layouts/<%=System.Threading.Thread.CurrentThread.CurrentUICulture.LCID%>/SubNew.aspx?List=]]></HTML><List/><HTML><![CDATA[">]]></HTML><HTML>Alert me</HTML><HTML><![CDATA[</A></td> </tr> </table> </td> </tr> </table> </td> </tr>
<tr> <td style="padding-left: 2px;padding-bottom: 2px" width=100%> <table border=0 cellpadding=0 cellspacing=0 width=100%> <tr> <td width=100% class="ms-unselectednav" colspan=2> <table cellpadding=0 cellspacing=0 border=0> <tr> <td valign=top> <img src="/_layouts/images/rect.gif" onerror=CatchCreateError onload="EnsureSSImporter()">&nbsp; </td> <td><A ACCESSKEY="P" ID="diidIOExportToSpreadsheet" HREF="javascript:" onclick="javaScript:ExportList(']]></HTML><HttpPath/><HTML><![CDATA[&Using=_layouts/query.iqy&List=]]></HTML><List/><HTML><![CDATA[&View=]]></HTML><GetVar Name='View'/><HTML><![CDATA[&RootFolder=]]></HTML><GetVar Name='RootFolder' URLEncode="TRUE"/><HTML><![CDATA[&CacheControl=1');javascript:return false;">]]></HTML><HTML>Export to spreadsheet</HTML><HTML><![CDATA[</A></td> </tr> </table> </td> </tr> </table> </td> </tr>
<tr> <td style="padding-left: 2px;padding-bottom: 2px" width=100%> <table border=0 cellpadding=0 cellspacing=0 width=100%> <tr> <td width=100% class="ms-unselectednav" colspan=2> <table cellpadding=0 cellspacing=0 border=0> <tr> <td valign=top> <img src="/_layouts/images/rect.gif">&nbsp; </td> <td><A ACCESSKEY="C" ID="diidCustomizeButton" HREF="]]></HTML><HttpVDir/><HTML><![CDATA[/_layouts/<%=System.Threading.Thread.CurrentThread.CurrentUICulture.LCID%>/listedit.aspx?List=]]></HTML><List/><HTML><![CDATA[">]]></HTML><HTML>Modify settings and columns</HTML><HTML><![CDATA[</A></td> </tr> </table> </td> </tr> </table> </td> </tr>
</TABLE>
]]></HTML>
</Toolbar>
               </MetaData>
            </List>
