<?xml version="1.0" encoding="utf-8" ?>
<!-- _lcid="1033" _version="11.0.5510" _dal="1" -->
<!-- _LocalBinding -->
            <List xmlns:ows="Microsoft SharePoint" Name="ListTemplates" Title="List Template Gallery" Direction="0" Url="_catalogs/lt" BaseType="1">
            
               <MetaData>
                  <Fields>
                     <Field Type="Text" Name="TemplateTitle" DisplayName="Title" Sealed="TRUE" ShowInNewForm="FALSE" node="ListTemplate/Details/TemplateTitle"></Field>
                     <Field Type="Note" Name="TemplateDescription" DisplayName="Description" Sealed="TRUE" ShowInNewForm="FALSE" node="ListTemplate/Details/TemplateDescription"></Field>
                     <Field ReadOnly="TRUE" Type="Text" Name="TemplateID" DisplayName="Site Definition ID" ShowInNewForm="FALSE" Sealed="TRUE" node="ListTemplate/Details/TemplateID"></Field>
                     <Field ReadOnly="TRUE" Type="Integer" Name="Language" DisplayName="Language LCID" ShowInNewForm="FALSE" Sealed="TRUE" Hidden="TRUE" node="ListTemplate/Details/Language"></Field>
                     <Field ReadOnly="TRUE" Type="Integer" Name="TemplateType" DisplayName="Template Type" ShowInNewForm="FALSE" Sealed="TRUE" node="ListTemplate/Details/TemplateType"></Field>
                     <Field ReadOnly="TRUE" Type="Integer" Name="BaseType" DisplayName="Base Type" ShowInNewForm="FALSE" Sealed="TRUE" node="ListTemplate/Details/BaseType"></Field>
                     <Field ReadOnly="TRUE" Type="Integer" Name="SubType" DisplayName="Sub-type" ShowInNewForm="FALSE" Sealed="TRUE" Hidden="TRUE" ></Field>
                     <Field ReadOnly="TRUE" Type="Boolean" Name="Hidden" DisplayName="Hidden" Sealed="TRUE" Hidden="TRUE"></Field>
                     <Field Type="Computed" ReadOnly="TRUE" Name="LanguageDisplay" DisplayName="Language" ShowInFileDialog="FALSE" ShowInNewForm="FALSE">
                        <FieldRefs>
                           <FieldRef Name="Language"/>
                        </FieldRefs>
                        <DisplayPattern>
                           <Language HTMLEncode="TRUE"><Column Name="Language"/></Language>
                        </DisplayPattern>
                     </Field>
                  </Fields>
                  <Views>
                    <View BaseViewID="1" Type="HTML" WebPartZoneID="Main" DisplayName="All Templates" DefaultView="TRUE" Url="Forms/AllItems.aspx">
<GroupByHeader> <HTML><![CDATA[<TBODY id="titl]]></HTML> 		    <GetVar Name="GroupByLevelString"/> 		    <HTML><![CDATA["><TR]]></HTML> <Switch><Expr><GetVar Name="GroupByIndent"/></Expr><Case Value="0"> <HTML><![CDATA[ class="ms-gb" ]]></HTML> </Case><Default> <HTML><![CDATA[ class="ms-gb2" ]]></HTML> </Default> </Switch> <HTML><![CDATA[><TD colspan="100" nowrap><img src="/_layouts/images/blank.gif" alt="" height=1 width=]]></HTML> <GetVar Name="GroupByIndent"/> <HTML><![CDATA[><a href="javascript:" onclick="javascript:ExpCollGroup(']]></HTML> 		    <GetVar Name="GroupByLevelString"/> 		    <HTML><![CDATA[','img_]]></HTML> 		    <GetVar Name="GroupByLevelString"/> 		    <HTML><![CDATA[');return false;"><img id="img_]]></HTML> 		    <GetVar Name="GroupByLevelString"/> 		    <HTML><![CDATA[" src="/_layouts/images/minus.gif" alt="]]></HTML> 		    <HTML>Expand/Collapse</HTML> 		    <HTML><![CDATA[" border="0"></a>&nbsp;]]></HTML> <GetVar Name="GroupByField" HTMLEncode="TRUE" /> <HTML><![CDATA[ :&nbsp;]]></HTML><GetVar Name="GroupByValue"/> <HTML><![CDATA[</TD></TR></TBODY>]]></HTML> </GroupByHeader>
<GroupByFooter> <Switch><Expr><GetVar Name="GroupByIndent"/></Expr><Case Value="0"> <HTML><![CDATA[<TBODY id="foot]]></HTML> 		     <GetVar Name="GroupByLevelString"/> 		     <HTML><![CDATA[_"><TR><TD><BR></TD></TR></TBODY>]]></HTML> </Case><Default/> </Switch> <Switch><Expr><GetVar Name="GroupByCollapse"/></Expr><Case Value="TRUE"> <HTML><![CDATA[<SCRIPT>ExpCollGroup(']]></HTML> 		    <GetVar Name="GroupByLevelString"/> 		    <HTML><![CDATA[','img_]]></HTML> 		    <GetVar Name="GroupByLevelString"/> 		    <HTML><![CDATA[');</SCRIPT>]]></HTML> </Case><Default/> </Switch> </GroupByFooter>
<ViewHeader>
<HTML><![CDATA[<TABLE width="100%" cellspacing=0 cellpadding=0 border=0>]]></HTML>
<HTML><![CDATA[<SCRIPT>
ctx = new ContextInfo();
ctx.listBaseType = ]]></HTML><ListProperty Select="BaseType"/><HTML><![CDATA[;
ctx.listTemplate = ]]></HTML><ListProperty Select="ServerTemplate"/><HTML><![CDATA[;
ctx.listName = ]]></HTML><ScriptQuote><List/></ScriptQuote><HTML><![CDATA[;
ctx.listUrlDir = ]]></HTML><ScriptQuote><ListUrlDir WebRel="TRUE"/></ScriptQuote><HTML><![CDATA[;
ctx.HttpPath = ]]></HTML><ScriptQuote><HttpPath/></ScriptQuote><HTML><![CDATA[;
ctx.HttpRoot = ]]></HTML><ScriptQuote><HttpVDir/></ScriptQuote><HTML><![CDATA[;
ctx.imagesPath = ]]></HTML><ScriptQuote>/_layouts/images/</ScriptQuote><HTML><![CDATA[;
ctx.PortalUrl = ]]></HTML><ScriptQuote><ProjectProperty Select="PortalUrl"/></ScriptQuote><HTML><![CDATA[;
if (ctx.PortalUrl == "") ctx.PortalUrl = null;
ctx.displayFormUrl = ]]></HTML><ScriptQuote><URL Cmd="DISPLAY" NoID="TRUE"/></ScriptQuote><HTML><![CDATA[;
ctx.editFormUrl = ]]></HTML><ScriptQuote><URL Cmd="EDIT" NoID="TRUE"/></ScriptQuote><HTML><![CDATA[;
ctx.isWebEditorPreview = ]]></HTML><Switch><Expr><GetVar Name="WebEditorPreview"/></Expr><Case Value="TRUE">1</Case><Default>0</Default></Switch><HTML><![CDATA[;
ctx.ctxId = ]]></HTML><Counter Type="View"/><HTML><![CDATA[;
]]></HTML><Switch>
<Expr><ListProperty Select="ModeratedList"/></Expr>
<Case Value="0"/>
<Default>
ctx.isModerated = true;
</Default>
</Switch>
<Switch><Expr><GetVar Name="RecursiveView"/></Expr>
<Case Value="1">
ctx.recursiveView = true;
</Case>
<Default/>
</Switch>
<HTML><![CDATA[ 
ctx]]></HTML><Counter Type="View"/><HTML><![CDATA[ = ctx;
</SCRIPT>]]></HTML>
<HTML><![CDATA[<tr><td>]]></HTML>
    <HTML><![CDATA[<TABLE ID="]]></HTML><WebQueryInfo/>
    <HTML><![CDATA[" width="100%" border=0 cellspacing=0 cellpadding=1 rules=rows><TR VALIGN=TOP>]]></HTML>
    <Fields>
        <Switch><Expr><Property Select="Name"/></Expr>
        <Case Value="Attachments">
            <HTML><![CDATA[<TH nowrap class="ms-vh-icon">]]></HTML>
            <Field/>
            <HTML><![CDATA[</TH>]]></HTML>
        </Case>
        <Default>
        <Switch>
            <Expr><Property Select='HeaderImage'/></Expr>
            <Case Value=""><Switch><Expr><Property Select="Type"/><PresenceEnabled/></Expr>
                            <Case Value="UserTRUE"><HTML><![CDATA[<TH nowrap class="ms-vh">]]></HTML><Field/><HTML><![CDATA[</TH>]]></HTML></Case>
                            <Default><HTML><![CDATA[<TH nowrap class="ms-vh2">]]></HTML><Field/><HTML><![CDATA[</TH>]]></HTML></Default>
                           </Switch>
            </Case>
            <Default><HTML><![CDATA[<TH nowrap class="ms-vh-icon">]]></HTML><Field/><HTML><![CDATA[</TH>]]></HTML></Default>
        </Switch>
        </Default>
        </Switch>
    </Fields>
    <HTML><![CDATA[</TR>]]></HTML>
</ViewHeader>
<ViewBody>
    <HTML><![CDATA[<TR>]]></HTML>
    <Fields>
        <HTML><![CDATA[<TD Class="]]></HTML>
	<FieldSwitch> <Expr><Property Select="ClassInfo"/></Expr> <Case Value="Menu"><HTML><![CDATA[ms-vb-title" height="100%]]></HTML></Case> <Case Value="Icon">ms-vb-icon</Case> <Default> <FieldSwitch> <Expr><Property Select="Type"/><PresenceEnabled/></Expr> <Case Value="UserTRUE">ms-vb-user</Case> <Default>ms-vb2</Default> </FieldSwitch> </Default> </FieldSwitch>
        <HTML><![CDATA[">]]></HTML>
        <Field/>
        <HTML><![CDATA[</TD>]]></HTML>
    </Fields>
    <HTML><![CDATA[</TR>]]></HTML>
</ViewBody>
<ViewFooter>
<HTML><![CDATA[</TABLE>]]></HTML>
    <IfEqual>
        <Expr1><GetVar Name="SearchString"/></Expr1>
        <Expr2></Expr2>
        <Then></Then>
        <Else>
<HTML><![CDATA[<TABLE width="100%" border=0><TR><TD class="ms-descriptiontext">It may take several minutes for recent items to appear in the search results.</TD></TR></TABLE>]]></HTML>
        </Else>
    </IfEqual>
<HTML><![CDATA[</td></tr></table>]]></HTML>
</ViewFooter>
<PagedRowset>
<HTML><![CDATA[<TABLE width="100%" border=0><TR>
<TD align=right Class="ms-vb">]]></HTML><HTML>(Items</HTML><HTML><![CDATA[&nbsp;]]></HTML>
<GetVar Name="PageFirstRow" HTMLEncode="TRUE"/><HTML><![CDATA[&nbsp;]]></HTML>
<HTML>to</HTML><HTML><![CDATA[&nbsp;]]></HTML>
<GetVar Name="PageLastRow" HTMLEncode="TRUE"/>
<HTML>)</HTML>
<HTML><![CDATA[&nbsp;<A HREF="javascript:" OnClick='javascript:SubmitFormPost("]]></HTML><ScriptQuote NotAddingQuote="TRUE"><PageUrl/><HTML>?</HTML><GetVar Name="NextPageData"/></ScriptQuote><HTML><![CDATA[");javascript:return false;'>]]></HTML>
<HTML>Next</HTML>
<HTML><![CDATA[</A> 
<A HREF="javascript:" OnClick='javascript:SubmitFormPost("]]></HTML><ScriptQuote NotAddingQuote="TRUE"><PageUrl/><HTML>?</HTML><GetVar Name="NextPageData"/></ScriptQuote><HTML><![CDATA[");javascript:return false;'>]]></HTML>
<HTML><![CDATA[<img src="/_layouts/images/next.gif" border=0 alt="]]><![CDATA[Next]]><![CDATA["></A>&nbsp;
</TD></TR></TABLE>]]></HTML>
</PagedRowset>
<PagedRecurrenceRowset>
<HTML><![CDATA[<TABLE width="100%" border=0><TR><TD  nowrap Class="ms-vb">]]></HTML>
    <Switch>
        <Expr><GetVar Name="PrevPageData"/></Expr>
        <Case Value="" />
        <Default>
            <HTML><![CDATA[&nbsp;<A id=onetidPrev HREF=
                "javascript:" OnClick='javascript:SubmitFormPost("]]></HTML><ScriptQuote NotAddingQuote="TRUE"><PageUrl/><HTML>?</HTML><GetVar Name="PrevPageData"/></ScriptQuote><HTML><![CDATA[");javascript:return false;'
                ><img src="/_layouts/images/prev.gif" border=0 alt="]]><![CDATA[Previous]]><![CDATA["></A>
                <A HREF=
                "javascript:" OnClick='javascript:SubmitFormPost("]]></HTML><ScriptQuote NotAddingQuote="TRUE"><PageUrl/><HTML>?</HTML><GetVar Name="PrevPageData"/></ScriptQuote><HTML><![CDATA[");javascript:return false;'
                >]]></HTML>
            <HTML>Previous</HTML>
            <HTML><![CDATA[</A>]]></HTML>
        </Default>
    </Switch>
<HTML><![CDATA[</TD><TD align=right nowrap Class="ms-vb">]]></HTML>
    <Switch>
        <Expr><GetVar Name="NextPageData"/></Expr>
        <Case Value="" />
        <Default>
            <HTML><![CDATA[<A HREF=
                "javascript:" OnClick='javascript:SubmitFormPost("]]></HTML><ScriptQuote NotAddingQuote="TRUE"><PageUrl/><HTML>?</HTML><GetVar Name="NextPageData"/></ScriptQuote><HTML><![CDATA[");javascript:return false;'
            >]]></HTML>
            <HTML>Next</HTML>
            <HTML><![CDATA[</A>
            <A id=onetidNext HREF=
                "javascript:" OnClick='javascript:SubmitFormPost("]]></HTML><ScriptQuote NotAddingQuote="TRUE"><PageUrl/><HTML>?</HTML><GetVar Name="NextPageData"/></ScriptQuote><HTML><![CDATA[");javascript:return false;'
                ><img src="/_layouts/images/next.gif" border=0 alt="]]><![CDATA[Next]]><![CDATA["></A>&nbsp;]]></HTML>
        </Default>
    </Switch>
<HTML><![CDATA[</TD></TR></TABLE>]]></HTML>
</PagedRecurrenceRowset>
<RowLimit Paged="TRUE">100</RowLimit>
<ViewEmpty>
    <HTML><![CDATA[<TABLE width="100%" cellspacing=0 cellpadding=0 border=0><tr><td>]]></HTML>
    <HTML><![CDATA[<TABLE ID=onetidDoclibViewTbl0 width="100%" Summary="]]></HTML>
    <ListProperty Select="Title" HTMLEncode="TRUE"/>
    <HTML><![CDATA[" ]]></HTML>
    <HTML><![CDATA[border=0 rules=rows><TR>]]></HTML>
    <Fields>
        <Switch><Expr><Property Select="Name"/></Expr>
        <Case Value="Attachments">
            <HTML><![CDATA[<TH class="ms-vh-icon">]]></HTML>
            <Field/>
            <HTML><![CDATA[</TH>]]></HTML>
        </Case>
        <Default>
        <Switch>
            <Expr><Property Select='HeaderImage'/></Expr>
            <Case Value=""><HTML><![CDATA[<TH class="ms-vh">]]></HTML><Field/><HTML><![CDATA[</TH>]]></HTML></Case>
            <Default><HTML><![CDATA[<TH class="ms-vh-icon">]]></HTML><Field/><HTML><![CDATA[</TH>]]></HTML></Default>
        </Switch>
        </Default>
        </Switch>
    </Fields>
    <HTML><![CDATA[</TR>]]></HTML>
    <HTML><![CDATA[</TABLE>]]></HTML>
    <HTML><![CDATA[</td></tr>]]></HTML>
    <HTML><![CDATA[<tr><td>]]></HTML>
    <HTML><![CDATA[<TABLE ]]></HTML>
 <HTML><![CDATA[ width=100% ]]></HTML>
<HTML><![CDATA[ border=0 rules=rows><TR>]]></HTML>
    <IfEqual>
        <Expr1><GetVar Name="SearchString"/></Expr1>
        <Expr2></Expr2>
        <Then>
    <HTML><![CDATA[<TD Class="ms-vb"> ]]></HTML>
    <HTML>There are no items in this view of the </HTML>
    <ListProperty Select="Title" HTMLEncode="TRUE"/>
    <HTML><![CDATA[.  To add a template, click <B>Upload Template</B> above.]]></HTML>
    <HTML><![CDATA[</TD>]]></HTML>
        </Then>
        <Else>
            <HTML><![CDATA[<TD class="ms-vb"><B>]]></HTML>
            <HTML>No records were found matching your query.</HTML>
            <HTML><![CDATA[</B></TD>]]></HTML>
            <IfEqual>
                <Expr1><GetVar Name="ErrorText"/></Expr1>
                <Expr2>TRUE</Expr2>
                <Then>
                    <HTML><![CDATA[<TR><TD class="ms-descriptiontext">Please see the <A HREF="javascript:HelpWindowKey('search_tips')">Search Tips</A> page for help creating your query.</TD></TR><TR>]]></HTML>
                </Then>
                <Else>
                    <HTML><![CDATA[<TR><TD class="ms-descriptiontext">It may take several minutes for recent items to appear in the search results.</TD></TR><TR>]]></HTML>
                </Else>
            </IfEqual>
        </Else>
    </IfEqual>
    <HTML><![CDATA[</TR></TABLE>]]></HTML>
    <HTML><![CDATA[</td></tr></TABLE>]]></HTML>
</ViewEmpty>
<ViewBidiHeader>
<HTML><![CDATA[<TABLE width="100%" cellspacing=0 cellpadding=0 border=0>]]></HTML>
<HTML><![CDATA[<SCRIPT>
ctx = new ContextInfo();
ctx.listBaseType = ]]></HTML><ListProperty Select="BaseType"/><HTML><![CDATA[;
ctx.listTemplate = ]]></HTML><ListProperty Select="ServerTemplate"/><HTML><![CDATA[;
ctx.listName = ]]></HTML><ScriptQuote><List/></ScriptQuote><HTML><![CDATA[;
ctx.listUrlDir = ]]></HTML><ScriptQuote><ListUrlDir WebRel="TRUE"/></ScriptQuote><HTML><![CDATA[;
ctx.HttpPath = ]]></HTML><ScriptQuote><HttpPath/></ScriptQuote><HTML><![CDATA[;
ctx.HttpRoot = ]]></HTML><ScriptQuote><HttpVDir/></ScriptQuote><HTML><![CDATA[;
ctx.imagesPath = ]]></HTML><ScriptQuote>/_layouts/images/</ScriptQuote><HTML><![CDATA[;
ctx.PortalUrl = ]]></HTML><ScriptQuote><ProjectProperty Select="PortalUrl"/></ScriptQuote><HTML><![CDATA[;
if (ctx.PortalUrl == "") ctx.PortalUrl = null;
ctx.displayFormUrl = ]]></HTML><ScriptQuote><URL Cmd="DISPLAY" NoID="TRUE"/></ScriptQuote><HTML><![CDATA[;
ctx.editFormUrl = ]]></HTML><ScriptQuote><URL Cmd="EDIT" NoID="TRUE"/></ScriptQuote><HTML><![CDATA[;
ctx.isWebEditorPreview = ]]></HTML><Switch><Expr><GetVar Name="WebEditorPreview"/></Expr><Case Value="TRUE">1</Case><Default>0</Default></Switch><HTML><![CDATA[;
ctx.ctxId = ]]></HTML><Counter Type="View"/><HTML><![CDATA[;
]]></HTML><Switch>
<Expr><ListProperty Select="ModeratedList"/></Expr>
<Case Value="0"/>
<Default>
ctx.isModerated = true;
</Default>
</Switch>
<Switch><Expr><GetVar Name="RecursiveView"/></Expr>
<Case Value="1">
ctx.recursiveView = true;
</Case>
<Default/>
</Switch>
<HTML><![CDATA[ 
ctx]]></HTML><Counter Type="View"/><HTML><![CDATA[ = ctx;
</SCRIPT>]]></HTML>
<HTML><![CDATA[<tr><td>]]></HTML>
    <HTML><![CDATA[<TABLE ID="]]></HTML><WebQueryInfo/>
    <HTML><![CDATA[" width="100%" border=0 cellspacing=0 cellpadding=1 rules=rows dir="]]></HTML>
    <ListProperty Select="Direction"/>
    <HTML><![CDATA["><TR VALIGN=TOP>]]></HTML>
    <Switch>
    <Expr><ListProperty Select='Direction'/></Expr>
    <Case Value="LTR">
        <SetVar Name="MsVhDirection" Scope="Request" Value="ms-vh-left"/>
    </Case>
    <Case Value="RTL">
        <SetVar Name="MsVhDirection" Scope="Request" Value="ms-vh-right"/>
    </Case>
    <Default>
        <SetVar Name="MsVhDirection" Scope="Request" Value="ms-vh"/>
    </Default>
    </Switch>    
    <Fields>
        <Switch><Expr><Property Select="Name"/></Expr>
        <Case Value="Attachments">
            <HTML><![CDATA[<TH nowrap class="]]></HTML>
            <GetVar Name="MsVhDirection"/>
            <HTML><![CDATA[">]]></HTML>
            <Field/>
            <HTML><![CDATA[</TH>]]></HTML>
        </Case>
        <Default>
        <Switch>
            <Expr><Property Select='HeaderImage'/></Expr>
            <Case Value=""><Switch><Expr><Property Select="Type"/><PresenceEnabled/></Expr>
                            <Case Value="UserTRUE"><HTML><![CDATA[<TH nowrap class="]]></HTML><GetVar Name="MsVhDirection"/><HTML><![CDATA[">]]></HTML><Field/><HTML><![CDATA[</TH>]]></HTML></Case>
                            <Default><HTML><![CDATA[<TH nowrap class="]]></HTML><GetVar Name="MsVhDirection"/><HTML><![CDATA[">]]></HTML><Field/><HTML><![CDATA[</TH>]]></HTML></Default>
                           </Switch>
            </Case>
            <Default><HTML><![CDATA[<TH nowrap class="]]></HTML><GetVar Name="MsVhDirection"/><HTML><![CDATA[">]]></HTML><Field/><HTML><![CDATA[</TH>]]></HTML></Default>
        </Switch>
        </Default>
        </Switch>
    </Fields>
    <HTML><![CDATA[</TR>]]></HTML>
</ViewBidiHeader>
<Toolbar Type="Standard">
<HTML><![CDATA[<SCRIPT>
ctx = new ContextInfo();
ctx.listBaseType = ]]></HTML><ListProperty Select="BaseType"/><HTML><![CDATA[;
ctx.listTemplate = ]]></HTML><ListProperty Select="ServerTemplate"/><HTML><![CDATA[;
ctx.listName = ]]></HTML><ScriptQuote><List/></ScriptQuote><HTML><![CDATA[;
ctx.listUrlDir = ]]></HTML><ScriptQuote><ListUrlDir WebRel="TRUE"/></ScriptQuote><HTML><![CDATA[;
ctx.HttpPath = ]]></HTML><ScriptQuote><HttpPath/></ScriptQuote><HTML><![CDATA[;
ctx.HttpRoot = ]]></HTML><ScriptQuote><HttpVDir/></ScriptQuote><HTML><![CDATA[;
ctx.imagesPath = ]]></HTML><ScriptQuote>/_layouts/images/</ScriptQuote><HTML><![CDATA[;
ctx.PortalUrl = ]]></HTML><ScriptQuote><ProjectProperty Select="PortalUrl"/></ScriptQuote><HTML><![CDATA[;
if (ctx.PortalUrl == "") ctx.PortalUrl = null;
ctx.displayFormUrl = ]]></HTML><ScriptQuote><URL Cmd="DISPLAY" NoID="TRUE"/></ScriptQuote><HTML><![CDATA[;
ctx.editFormUrl = ]]></HTML><ScriptQuote><URL Cmd="EDIT" NoID="TRUE"/></ScriptQuote><HTML><![CDATA[;
ctx.isWebEditorPreview = ]]></HTML><Switch><Expr><GetVar Name="WebEditorPreview"/></Expr><Case Value="TRUE">1</Case><Default>0</Default></Switch><HTML><![CDATA[;
ctx.ctxId = ]]></HTML><Counter Type="View"/><HTML><![CDATA[;
]]></HTML><Switch>
<Expr><ListProperty Select="ModeratedList"/></Expr>
<Case Value="0"/>
<Default>
ctx.isModerated = true;
</Default>
</Switch>
<Switch><Expr><GetVar Name="RecursiveView"/></Expr>
<Case Value="1">
ctx.recursiveView = true;
</Case>
<Default/>
</Switch>
<HTML><![CDATA[ 
ctx]]></HTML><Counter Type="View"/><HTML><![CDATA[ = ctx;
</SCRIPT>]]></HTML>
	<IfEqual>
	  <Expr1><GetVar Name="SearchString"/></Expr1>
	  <Expr2/>
	  <Then>
<HTML><![CDATA[
<SCRIPT>]]></HTML>
<IfEqual>
  <Expr1><ListProperty Select="TemplateUrl"/></Expr1>
  <Expr2><ListUrlDir/><HTML><![CDATA[/_basicpage.htm]]></HTML></Expr2>
  <Then/>
  <Else>
    <IfEqual>
      <Expr1><ListProperty Select="TemplateUrl"/></Expr1>
      <Expr2><ListUrlDir/><HTML><![CDATA[/_webpartpage.htm]]></HTML></Expr2>
      <Then/>
      <Else>
<HTML><![CDATA[
	var fNewDoc = false;
	var fNewDoc2 = false;
	var ]]></HTML><GetVar Name="WPQ"/><HTML><![CDATA[varPageUrl = "]]></HTML><ScriptQuote NotAddingQuote="TRUE"><PageUrl/></ScriptQuote><HTML><![CDATA[";
function ]]></HTML><GetVar Name="WPQ"/><HTML><![CDATA[NewDoclibItem(url, bFolder)
{
    url += "?RootFolder=]]></HTML><GetVar Name="RootFolder" URLEncode="TRUE"/><HTML><![CDATA[";
    if (bFolder)
        url += "&Type=1";
    NewItem(url, false);
}
</SCRIPT>
<SCRIPT LANGUAGE="VBSCRIPT">
    On Error Resume Next
    	Set NewDocumentButton = CreateObject("SharePoint.OpenDocuments.2")
    	If (IsObject(NewDocumentButton)) Then
    	    fNewDoc2 = true
    	Else
    	    Set NewDocumentButton = CreateObject("SharePoint.OpenDocuments.1")
    	End If
    fNewDoc = IsObject(NewDocumentButton)
</SCRIPT>
<SCRIPT>
    var L_NewDocumentRuntimeError_Text = L_NewDocLibTb1_Text;
    var L_NewDocumentError_Text = L_NewDocLibTb2_Text;
]]></HTML>
      </Else>
    </IfEqual>
  </Else>
</IfEqual>
<HTML><![CDATA[
function ]]></HTML><GetVar Name="WPQ"/><HTML><![CDATA[createNewDocument()
{
]]></HTML>
<IfEqual>
  <Expr1><ListProperty Select="TemplateUrl"/></Expr1>
  <Expr2><ListUrlDir/><HTML><![CDATA[/Forms/_basicpage.htm]]></HTML></Expr2>
  <Then>
  <HTML><![CDATA[
    window.location = ]]></HTML><ScriptQuote><HttpVDir/><HTML><![CDATA[/_layouts/<%=System.Threading.Thread.CurrentThread.CurrentUICulture.LCID%>/bpcf.aspx?List=]]></HTML><List URLEncode="TRUE"/><HTML><![CDATA[&RootFolder=]]></HTML><GetVar Name="RootFolder" URLEncode="TRUE"/><HTML><![CDATA[&RootFolderUrl=]]></HTML><ListProperty Select="RootFolderUrl" URLEncode="TRUE"/></ScriptQuote><HTML><![CDATA[;
  ]]></HTML>
  </Then>
  <Else>
    <IfEqual>
      <Expr1><ListProperty Select="TemplateUrl"/></Expr1>
      <Expr2><ListUrlDir/><HTML><![CDATA[/Forms/_webpartpage.htm]]></HTML></Expr2>
      <Then>
      <HTML><![CDATA[
    window.location = ]]></HTML><ScriptQuote><HttpVDir/><HTML><![CDATA[/_layouts/<%=System.Threading.Thread.CurrentThread.CurrentUICulture.LCID%>/spcf.aspx?List=]]></HTML><List URLEncode="TRUE"/><HTML><![CDATA[&RootFolder=]]></HTML><GetVar Name="RootFolder" URLEncode="TRUE"/><HTML><![CDATA[&RootFolderUrl=]]></HTML><ListProperty Select="RootFolderUrl" URLEncode="TRUE"/></ScriptQuote><HTML><![CDATA[;
      ]]></HTML>
      </Then>
      <Else>
<HTML><![CDATA[
    var strTemplate = ]]></HTML>
    	<ScriptQuote><ListProperty Default="Word.Document.8" Select="TemplateUrl"/></ScriptQuote><HTML><![CDATA[;
    var strSaveLocation = ]]></HTML>
    <ScriptQuote>
     <Switch>
      <Expr><GetVar Name="RootFolder"/></Expr>
      <Case Value="">
       <ListUrlDir ForInstance="TRUE"/>
      </Case>
      <Default>
       <GetVar Name="RootFolder"/>
      </Default>
     </Switch>
    </ScriptQuote><HTML><![CDATA[;
    var strProgID = ]]></HTML>
    <ScriptQuote>
     <MapToControl><HTML>|</HTML><GetFileExtension><ListProperty Default=".doc" Select="TemplateUrl"/></GetFileExtension></MapToControl>
    </ScriptQuote><HTML><![CDATA[;
    createNewDocumentWithProgID(strTemplate, makeAbsUrl(strSaveLocation), strProgID, false);
]]></HTML>
      </Else>
    </IfEqual>
  </Else>
</IfEqual>
<HTML><![CDATA[
}
function ]]></HTML><GetVar Name="WPQ"/><HTML><![CDATA[upOneLevel()
{
    var strParent = ]]></HTML>
        <ScriptQuote>
         <SetVar Name="RootFolder"><UrlDirName><GetVar Name="RootFolder"/></UrlDirName></SetVar>
         <FilterLink Default=""/>
        </ScriptQuote><HTML><![CDATA[;
    var iViewParam = 0;
    var iQuery = strParent.indexOf("?");
    if (iQuery > 0)
        iViewParam = strParent.indexOf("View=", iQuery);
    if (iViewParam <= 0)
    {
        strParent += strParent.indexOf("?") > 0 ? "&" : "?";
        strParent += "View=" + ]]></HTML><ScriptQuote><GetVar Name="View"/></ScriptQuote><HTML>
    }
    </HTML>
    <Switch>
     <Expr><GetVar Name="ShowInGrid"/></Expr>
     <Case Value="True"><HTML><![CDATA[strParent += "&ShowInGrid=True";]]></HTML>
     </Case>
    </Switch>
    <HTML><![CDATA[
    var idxFound;
    while ((idxFound = strParent.indexOf("Paged=TRUE")) > 0)
    {
        strParent = strParent.replace("Paged=TRUE", "");
    }
    while ((idxFound = strParent.indexOf("PageFirstRow=")) > 0)
    {
        strParent = strParent.replace("PageFirstRow=", "");
        strParent = strParent.slice(0, idxFound-1) + 
                    strParent.slice(0, idxFound+1);
    }
    while ((idxFound = strParent.indexOf("&&")) > 0)
    {
        strParent = strParent.replace("&&", "&");
    }
    SubmitFormPost(strParent);
}
</SCRIPT>
<!-- Toolbar -->]]></HTML>
<HTML><![CDATA[
  <TABLE class="ms-toolbar" style="margin-left: 3px;" cellpadding=2 cellspacing=0 border=0>
   <TR>
    <td class="ms-toolbar"> <table cellpadding=1 cellspacing=0 border=0> <tr> <td class="ms-toolbar" nowrap> <a tabindex=2 ID=diidIOUploadItem class="ms-toolbar" ACCESSKEY=U href="]]></HTML><URL Cmd="New"/><HTML><![CDATA[" onclick="javascript:NewItem(']]></HTML><ScriptQuote NotAddingQuote="TRUE"><URL Cmd="New"/></ScriptQuote><HTML><![CDATA[', false);javascript:return false;" target="_self" title=]]></HTML><HTML>"Upload"</HTML><HTML><![CDATA[><img src="/_layouts/images/upload.gif" ID="tbbutton1U" alt=]]></HTML><HTML>"Upload"</HTML><HTML><![CDATA[ border=0 width=16 height=16></a></td> <td nowrap> <a tabindex=2 class="ms-toolbar" ACCESSKEY=U ID=diidIOUploadItem href="]]></HTML><URL Cmd="New"/><HTML><![CDATA[" onclick="javascript:NewItem(']]></HTML><ScriptQuote NotAddingQuote="TRUE"><URL Cmd="New"/></ScriptQuote><HTML><![CDATA[', false);javascript:return false;" target="_self">]]></HTML><HTML>Upload Template</HTML><HTML><![CDATA[</a></td> </tr></table></td>
    <TD class=ms-separator>|</TD>
    ]]></HTML>	
       <Switch><Expr><GetVar Name="CalView"/></Expr>
       <Case Value="1">
       </Case>
       <Default>
       <Switch><Expr><GetVar Name="GridView"/></Expr>
	<Case Value="1"/>
	<Default>
		<HTML><![CDATA[		
       <TD class="ms-toolbar"> <table cellpadding=1 cellspacing=0 border=0> <tr> <td class="ms-toolbar" nowrap> <a tabindex=2 ID=diidFilterButton class="ms-toolbar" title=]]></HTML><HTML>"Filter"</HTML><HTML><![CDATA[ ACCESSKEY=L href="javascript:" OnClick='javascript:SubmitFormPost("]]></HTML><FilterLink Paged="FALSE"/><HTML><![CDATA[");javascript:return false;'> <img src="/_layouts/images/tbfilter.gif" ID="tbbuttonstart1" alt=]]></HTML><HTML>"Filter"</HTML><HTML><![CDATA[ border=0 width=16 height=16></a></td> <td nowrap> <a tabindex=2 ID=diidFilterButton class="ms-toolbar" ACCESSKEY=L href="javascript:" OnClick='javascript:SubmitFormPost("]]></HTML><FilterLink Paged="FALSE"/><HTML><![CDATA[");javascript:return false;'>
           <LocID ID="L_ListFilter">
                 ]]></HTML><HTML><Switch> <Expr><GetVar Name="Filter"/></Expr> <Case Value="1">Hide Filter Choices</Case> <Default> <Switch> <Expr><GetVar Name="FilterField1"/></Expr> <Case Value="">Filter</Case> <Default>Change Filter</Default> </Switch> </Default> </Switch></HTML><HTML><![CDATA[
           </LocID>
       </a> </td> </tr> </table> </TD>
     ]]></HTML>	
	</Default>
	</Switch>
	</Default>
	</Switch>
	<HTML><![CDATA[
]]></HTML>
<HTML><![CDATA[
]]></HTML>
<Switch><Expr><GetVar Name="CalView"/></Expr>
<Case Value="1">
<HTML><![CDATA[
    <TD class="ms-toolbar" nowrap>
    <table cellpadding=1 cellspacing=0 border=0>
    <tr>
        <td nowrap>
			<a class="ms-toolbar" tabindex=0 ACCESSKEY=S ID=diidCalTodayButton HREF="javascript:cal.MoveToToday();">
			<LocID ID="L_CalToday">]]></HTML><HTML>Today</HTML><HTML><![CDATA[</LocID>
		</a>
		</td>
    </tr>
    </table>
    </TD>
]]></HTML></Case>
<Default/>
</Switch> 
<HTML><![CDATA[
]]></HTML>
<Switch><Expr><GetVar Name="CalView"/></Expr>
<Case Value="1">
<HTML><![CDATA[
    <TD class=ms-separator>|</TD>
    <TD class="ms-toolbar" nowrap>
    <table cellpadding=1 cellspacing=0 border=0>
    <tr>
        <td nowrap>
			<a class="ms-toolbar" tabindex=0 ACCESSKEY=S ID=diidCalViewByDayButton HREF="javascript:cal.MoveDay(0);">
			<LocID ID="L_ByDay">]]></HTML><HTML>View by Day</HTML><HTML><![CDATA[</LocID>
		</a>
		</td>
    </tr>
    </table>
    </TD>
]]></HTML></Case>
<Default/>
</Switch> 
<HTML><![CDATA[
]]></HTML>
<Switch><Expr><GetVar Name="CalView"/></Expr>
<Case Value="1">
<HTML><![CDATA[
    <TD class=ms-separator>|</TD>
    <TD class="ms-toolbar" nowrap>
    <table cellpadding=1 cellspacing=0 border=0>
    <tr>
        <td nowrap>
			<a class="ms-toolbar" tabindex=0 ACCESSKEY=S ID=diidCalViewByWeekButton HREF="javascript:cal.MoveWeek(0);">
			<LocID ID="L_ByWeek">]]></HTML><HTML>View by Week</HTML><HTML><![CDATA[</LocID>
		</a>
		</td>
    </tr>
    </table>
    </TD>
]]></HTML></Case>
<Default/>
</Switch> 
<HTML><![CDATA[
]]></HTML>
<Switch><Expr><GetVar Name="CalView"/></Expr>
<Case Value="1">
<HTML><![CDATA[
    <TD class=ms-separator>|</TD>
    <TD class="ms-toolbar" nowrap>
    <table cellpadding=1 cellspacing=0 border=0>
    <tr>
        <td nowrap>
        <a class="ms-toolbar" tabindex=0 ACCESSKEY=S ID=diidCalViewByMonthButton HREF="javascript:cal.MoveMonth(0);">
			<LocID ID="L_ByMonth">]]></HTML><HTML>View by Month</HTML><HTML><![CDATA[</LocID>
		</a>
		</td>
    </tr>
    </table>
    </TD>
]]></HTML></Case>
<Default/>
</Switch> 
<HTML><![CDATA[
    <TD width=99% class="ms-toolbar" align=right nowrap id=align01>&nbsp;</td>
    </TR>
  </table>
  <table width=100% border=0 cellpadding=0 cellspacing=2 id=toolbarSection>
  <tr>
   <td colspan=10 height=3><IMG SRC="/_layouts/images/blank.gif" width=1 height=3 alt=""></td>
  </tr>
  </table>
]]></HTML>
</Then>
<Else>
  <HTML><![CDATA[ <table cellpadding="0" cellspacing="1" border="0" width="100%" class="ms-nav"> <tr><td ID=onetidSearch nowrap><b>]]></HTML> <HTML>Search this view for items containing:</HTML><HTML><![CDATA[</b></td></tr>]]></HTML> <HTML><![CDATA[ <tr> <td class="ms-vb"> <INPUT type=TEXT name="SearchString]]></HTML><GetVar Name="View"/><HTML><![CDATA[" size="40" class="ms-input" ACCESSKEY=S maxlength=255 value="]]></HTML>   <GetVar HTMLEncode="TRUE" Name="SearchString"/>   <HTML><![CDATA[" onKeyDown='javascript:SearchViewKeyDown("]]></HTML><GetVar Name="View"/><HTML><![CDATA[")'>]]></HTML> <HTML><![CDATA[ <a target="_self" ACCESSKEY=O href='javascript:SubmitSearchForView("]]></HTML><GetVar Name="View"/><HTML><![CDATA[")' ID=onetIDGoSearch>]]></HTML> <HTML><![CDATA[<img border=0 alt="]]><![CDATA[Search]]><![CDATA[" src="]]></HTML><HttpVDir/><HTML><![CDATA[/_layouts/images/]]></HTML><HTML><![CDATA[gosearch.gif]]></HTML><HTML><![CDATA[" align="top" onLoad="javascript:SetSearchView();"/>]]></HTML> <HTML><![CDATA[</a></td> </tr> <tr><td><IMG SRC="/_layouts/images/blank.gif" width=1 height=2 alt=""></td></tr> <tr> <td colspan="2" class="ms-sectionline"> <img src="]]></HTML>   <HttpVDir/>   <HTML><![CDATA[/_layouts/images/blank.gif" width="1" height="1" alt=""></td> </tr> <tr><td><IMG SRC="/_layouts/images/blank.gif" width=1 height=2 alt=""></td></tr> </table>]]></HTML>
</Else>
</IfEqual>
</Toolbar>
                        <ViewFields>
                           <FieldRef Name="LinkFilenameNoMenu"></FieldRef>
                           <FieldRef Name="Edit"></FieldRef>
                           <FieldRef Name="Last_x0020_Modified"></FieldRef>
                           <FieldRef Name="TemplateTitle"></FieldRef>
                           <FieldRef Name="LanguageDisplay"></FieldRef>
                        </ViewFields>
                        <Query>
                           <OrderBy>
                              <FieldRef Name="FileRef"></FieldRef>
                           </OrderBy>
                        </Query>
                    </View>
                  </Views>
                  <Forms>
                     <Form Type="DisplayForm" Url="Forms/DispForm.aspx" WebPartZoneID="Main">
<ListFormOpening>
<HTML><![CDATA[
<Script Language="JavaScript">
function Discuss(strUrl)
{
    var L_IE5upRequired_Text = "]]><![CDATA['Discuss' requires a Windows SharePoint Services-compatible application and Microsoft Internet Explorer 5.0 or greater.]]><![CDATA[";
    if (browseris.ie5up && browseris.win32)
	window.parent.location.href = strUrl;
    else
	alert(L_IE5upRequired_Text);
}
function DeleteItem()
{
    var L_Delete_text = ]]></HTML><HTML>"Are you sure you want to delete this item?"</HTML><HTML><![CDATA[;
    if (confirm(L_Delete_text))
        SubmitFormPost(']]></HTML><HttpPath/><HTML><![CDATA[&Cmd=Delete&List=]]></HTML><List/><HTML><![CDATA[&ID=]]></HTML><ID/><HTML><![CDATA[&NextUsing=' + GetSource(]]></HTML><ScriptQuote><ListProperty Select="DefaultViewUrl"/></ScriptQuote><HTML><![CDATA[) + '&owsfileref=]]></HTML><Field Name="ServerUrl" URLEncode="TRUE"/><HTML><![CDATA[');
}
function ExportItem(using)
{
    window.location = ']]></HTML><HttpPath /><HTML><![CDATA[?Cmd=Display&CacheControl=1&List=]]></HTML><List URLEncode="1" /><HTML><![CDATA[&ID=]]></HTML><ID/><HTML><![CDATA[&Using=]]></HTML><ListUrlDir WebRel="TRUE" URLEncode="1"/><HTML><![CDATA[/' + using;
}
</Script>
]]></HTML>
</ListFormOpening>
<ListFormButtons>
<HTML><![CDATA[
  <TABLE class="ms-toolbar" style="margin-left: 3px;" cellpadding=2 cellspacing=0 border=0>
   <TR>
<TD class="ms-toolbar"> <table cellpadding=1 cellspacing=0 border=0> <tr> <td class="ms-toolbar" nowrap> <a tabindex=2 ID=diidIOEditItem class="ms-toolbar" title=]]></HTML><HTML>"Edit"</HTML><HTML><![CDATA[ ACCESSKEY=I href="]]></HTML><URL Cmd="Edit"/><HTML><![CDATA[" onclick="javascript:EditItem(']]></HTML><ScriptQuote NotAddingQuote="TRUE"><URL Cmd="Edit"/></ScriptQuote><HTML><![CDATA[');return false;" target=_self> <img src="/_layouts/images/edititem.gif" ID="tbbuttonstart1" alt=]]></HTML><HTML>"Edit"</HTML><HTML><![CDATA[ border=0 width=16 height=16></a></td> <td nowrap> <a tabindex=2 ID=diidIOEditItem class="ms-toolbar" ACCESSKEY=I href="]]></HTML><URL Cmd="Edit"/><HTML><![CDATA[" onclick="javascript:EditItem(']]></HTML><ScriptQuote NotAddingQuote="TRUE"><URL Cmd="Edit"/></ScriptQuote><HTML><![CDATA[');return false;" target=_self>
	<LocID ID="L_EditItem">]]></HTML><HTML>Edit Item</HTML><HTML><![CDATA[</LocID>
</a> </td> </tr> </table> </TD>
<TD class=ms-separator>|</td>
<TD class="ms-toolbar"> <table cellpadding=1 cellspacing=0 border=0> <tr> <td class="ms-toolbar" nowrap> <a tabindex=2 ID=diidIODeleteItem class="ms-toolbar" title=]]></HTML><HTML>"Delete"</HTML><HTML><![CDATA[ ACCESSKEY=X href="javascript:DeleteItem()" target="_self"> <img src="/_layouts/images/delitem.gif" ID="tbbuttonstart1" alt=]]></HTML><HTML>"Delete"</HTML><HTML><![CDATA[ border=0 width=16 height=16></a></td> <td nowrap> <a tabindex=2 ID=diidIODeleteItem class="ms-toolbar" ACCESSKEY=X href="javascript:DeleteItem()" target="_self">
	<LocID ID="L_DeleteItem">]]></HTML><HTML>Delete Item</HTML><HTML><![CDATA[</LocID>
</a> </td> </tr> </table> </TD>
<TD class=ms-separator>|</td>
     ]]></HTML>
      <Switch>
       <Expr><LookupColumn Name="FSObjType"/></Expr>
        <Case Value="0">
         <Switch>
          <Expr><GetVar Name="IsWebPartPage"/></Expr>
          <Case Value="1"/>
          <Default>
     <HTML><![CDATA[
    ]]></HTML>
    <SetVar Name="fDisplayCheckOut" Scope="Request">0</SetVar>
    <Switch>
     <Expr><LookupColumn Name="CheckedOutUserId"/></Expr>
     <Case Value="">
      <SetVar Name="fDisplayCheckOut" Scope="Request">1</SetVar>
     </Case>
     <Default>
      <Switch>
       <Expr><LookupColumn Name="CheckoutExpires"/></Expr>
       <Case Value="">
        <SetVar Name="fDisplayCheckOut" Scope="Request">0</SetVar>
       </Case>
       <Default>
        <SetVar Name="fDisplayCheckOut" Scope="Request">1</SetVar>
       </Default>
      </Switch>
     </Default>
    </Switch>
    <Switch>
     <Expr><GetVar Name="fDisplayCheckOut"/></Expr>
     <Case Value="1">
      <HTML><![CDATA[
      <td class="ms-toolbar"> <table cellpadding=1 cellspacing=0 border=0> <tr> <td class="ms-toolbar" nowrap> <a tabindex=2 ID=diidIOCheckOut class="ms-toolbar" ACCESSKEY=O href="javascript:" onclick="javascript:NavigateToCheckinAspx(']]></HTML><ScriptQuote NotAddingQuote="TRUE"><HttpVDir/></ScriptQuote><HTML><![CDATA[', 'Checkout=true&FileName=]]></HTML><Field Name="ServerUrl" URLEncode="TRUE"/><HTML><![CDATA[');javascript:return false;" target=_top title=]]></HTML><HTML>"Check Out"</HTML><HTML><![CDATA[><img src="/_layouts/images/checkout.gif" ID="tbbutton1O" alt=]]></HTML><HTML>"Check Out"</HTML><HTML><![CDATA[ border=0 width=16 height=16></a></td> <td nowrap> <a tabindex=2 class="ms-toolbar" ACCESSKEY=O ID=diidIOCheckOut href="javascript:" onclick="javascript:NavigateToCheckinAspx(']]></HTML><ScriptQuote NotAddingQuote="TRUE"><HttpVDir/></ScriptQuote><HTML><![CDATA[', 'Checkout=true&FileName=]]></HTML><Field Name="ServerUrl" URLEncode="TRUE"/><HTML><![CDATA[');javascript:return false;" target=_top>]]></HTML><HTML>Check Out</HTML><HTML><![CDATA[</a></td> </tr></table></td>
      <TD class=ms-separator>|</td>
      ]]></HTML>
     </Case>
     <Default>
      <HTML><![CDATA[
      <td class="ms-toolbar"> <table cellpadding=1 cellspacing=0 border=0> <tr> <td class="ms-toolbar" nowrap> <a tabindex=2 ID=diidIOCheckIn class="ms-toolbar" ACCESSKEY=K href="javascript:" onclick="javascript:NavigateToCheckinAspx(']]></HTML><ScriptQuote NotAddingQuote="TRUE"><HttpVDir/></ScriptQuote><HTML><![CDATA[', 'FileName=]]></HTML><Field Name="ServerUrl" URLEncode="TRUE"/><HTML><![CDATA[');javascript:return false;" target=_top title=]]></HTML><HTML>"Check In"</HTML><HTML><![CDATA[><img src="/_layouts/images/checkin.gif" ID="tbbutton1K" alt=]]></HTML><HTML>"Check In"</HTML><HTML><![CDATA[ border=0 width=16 height=16></a></td> <td nowrap> <a tabindex=2 class="ms-toolbar" ACCESSKEY=K ID=diidIOCheckIn href="javascript:" onclick="javascript:NavigateToCheckinAspx(']]></HTML><ScriptQuote NotAddingQuote="TRUE"><HttpVDir/></ScriptQuote><HTML><![CDATA[', 'FileName=]]></HTML><Field Name="ServerUrl" URLEncode="TRUE"/><HTML><![CDATA[');javascript:return false;" target=_top>]]></HTML><HTML>Check In</HTML><HTML><![CDATA[</a></td> </tr></table></td>
      <TD class=ms-separator>|</td>
      ]]></HTML>
     </Default>
    </Switch>
    <HTML><![CDATA[
    <td class="ms-toolbar"> <table cellpadding=1 cellspacing=0 border=0> <tr> <td class="ms-toolbar" nowrap> <a tabindex=2 ID=diidIOVersions class="ms-toolbar" ACCESSKEY=O href="javascript:" onclick="javascript:NavigateToVersionsAspx(']]></HTML><ScriptQuote NotAddingQuote="TRUE"><HttpVDir/></ScriptQuote><HTML><![CDATA[', 'list=]]></HTML><List/><HTML><![CDATA[&FileName=]]></HTML><Field Name="ServerUrl" URLEncode="TRUE"/><HTML><![CDATA[');javascript:return false;" target=_top title=]]></HTML><HTML>"Version History"</HTML><HTML><![CDATA[><img src="/_layouts/images/versions.gif" ID="tbbutton1O" alt=]]></HTML><HTML>"Version History"</HTML><HTML><![CDATA[ border=0 width=16 height=16></a></td> <td nowrap> <a tabindex=2 class="ms-toolbar" ACCESSKEY=O ID=diidIOVersions href="javascript:" onclick="javascript:NavigateToVersionsAspx(']]></HTML><ScriptQuote NotAddingQuote="TRUE"><HttpVDir/></ScriptQuote><HTML><![CDATA[', 'list=]]></HTML><List/><HTML><![CDATA[&FileName=]]></HTML><Field Name="ServerUrl" URLEncode="TRUE"/><HTML><![CDATA[');javascript:return false;" target=_top>]]></HTML><HTML>Version History</HTML><HTML><![CDATA[</a></td> </tr></table></td>
    <TD class=ms-separator>|</td>
     ]]></HTML>
          </Default>
         </Switch>
     <HTML><![CDATA[
    <td class="ms-toolbar"> <table cellpadding=1 cellspacing=0 border=0> <tr> <td class="ms-toolbar" nowrap> <a tabindex=2 ID=diidIODiscuss class="ms-toolbar" ACCESSKEY=C href="javascript:Discuss(']]></HTML><ScriptQuote NotAddingQuote="TRUE"><HttpPath/><HTML><![CDATA[&Cmd=COMMFRMS&URL=]]></HTML><Switch><Expr><GetVar Name="WebEditorPreview"/></Expr><Case Value="TRUE"/><Default><HttpHost/><Field Name="ServerUrl" URLEncode="TRUE"/></Default></Switch></ScriptQuote><HTML><![CDATA[')" onclick="javascript:Discuss(']]></HTML><ScriptQuote NotAddingQuote="TRUE"><HttpPath/><HTML><![CDATA[&Cmd=COMMFRMS&URL=]]></HTML><Switch><Expr><GetVar Name="WebEditorPreview"/></Expr><Case Value="TRUE"/><Default><HttpHost/><Field Name="ServerUrl" URLEncode="TRUE"/></Default></Switch></ScriptQuote><HTML><![CDATA[');javascript:return false;" target=_top title=]]></HTML><HTML>"Discuss"</HTML><HTML><![CDATA[><img src="/_layouts/images/icdisc.gif" ID="tbbutton1C" alt=]]></HTML><HTML>"Discuss"</HTML><HTML><![CDATA[ border=0 width=16 height=16></a></td> <td nowrap> <a tabindex=2 class="ms-toolbar" ACCESSKEY=C ID=diidIODiscuss href="javascript:Discuss(']]></HTML><ScriptQuote NotAddingQuote="TRUE"><HttpPath/><HTML><![CDATA[&Cmd=COMMFRMS&URL=]]></HTML><Switch><Expr><GetVar Name="WebEditorPreview"/></Expr><Case Value="TRUE"/><Default><HttpHost/><Field Name="ServerUrl" URLEncode="TRUE"/></Default></Switch></ScriptQuote><HTML><![CDATA[')" onclick="javascript:Discuss(']]></HTML><ScriptQuote NotAddingQuote="TRUE"><HttpPath/><HTML><![CDATA[&Cmd=COMMFRMS&URL=]]></HTML><Switch><Expr><GetVar Name="WebEditorPreview"/></Expr><Case Value="TRUE"/><Default><HttpHost/><Field Name="ServerUrl" URLEncode="TRUE"/></Default></Switch></ScriptQuote><HTML><![CDATA[');javascript:return false;" target=_top>]]></HTML><HTML>Discuss</HTML><HTML><![CDATA[</a></td> </tr></table></td>
    <TD class=ms-separator>|</td>
     ]]></HTML>
        </Case>
      </Switch>
     <HTML><![CDATA[
]]></HTML>
<Switch>
<Expr><ListProperty Select="ModeratedList"/></Expr>
<Case Value="0"/>
<Default>
<HTML><![CDATA[
<TD class="ms-toolbar">
<table cellpadding=1 cellspacing=0 border=0>
<tr>
<TD class="ms-toolbar"> <table cellpadding=1 cellspacing=0 border=0> <tr> <td nowrap> <a tabindex=2 ID=diidIOAppDenyItem class="ms-toolbar" ACCESSKEY=Y href="]]></HTML><URL Cmd="Edit"/><HTML><![CDATA[&ChangeApproval=TRUE" onclick="javascript:EditItem(']]></HTML><ScriptQuote NotAddingQuote="TRUE"><URL Cmd="Edit"/></ScriptQuote><HTML><![CDATA[&ChangeApproval=TRUE');javascript:return false;" target="_self">
<LocID ID="L_AppDenyItem">]]></HTML><HTML>Approve/reject Item</HTML><HTML><![CDATA[</LocID>
</a> </td> </tr> </table> </TD>
</tr>
</table>
</TD>
<TD class=ms-separator>|</td>
]]></HTML>
</Default>
</Switch>
<HTML><![CDATA[
<TD class="ms-toolbar"> <table cellpadding=1 cellspacing=0 border=0> <tr> <td nowrap> <a tabindex=2 ID=diidSubscribeButton class="ms-toolbar" ACCESSKEY=B href="javascript:" onclick="javascript:NavigateToSubNewAspx(']]></HTML><ScriptQuote NotAddingQuote="TRUE"><HttpVDir/></ScriptQuote><HTML><![CDATA[', 'List=]]></HTML><List/><HTML><![CDATA[&ID=]]></HTML><ID/><HTML><![CDATA[');javascript:return false;" target="_self">
    <LocID ID="L_Subscribe">]]></HTML><HTML>Alert Me</HTML><HTML><![CDATA[</LocID>
</a> </td> </tr> </table> </TD>
<TD class=ms-separator>|</td>
<TD class="2ms-toolbar">
    <table cellpadding=1 cellspacing=0 border=0>
    <tr>
        <td colspan=2 nowrap>
        <a tabindex=2 class="ms-toolbar" ACCESSKEY=G ID=diidIOGoBack href="]]></HTML><ListProperty Select='DefaultViewUrl'/><HTML><![CDATA[" onclick="javascript:GoBack(']]></HTML><ScriptQuote NotAddingQuote="TRUE"><ListProperty Select="DefaultViewUrl"/></ScriptQuote><HTML><![CDATA[');return false;" target="_self">
            <LocID ID="L_GOBackItem">]]></HTML><HTML>Go Back to List</HTML><HTML><![CDATA[</LocID>
        </a>
        </td>
    </tr>
    </table>
</TD>
<td width=100%><img src="/_layouts/images/blank.gif" alt=""></td> 
</TR>
</TABLE>
<table width=100% border=0 cellpadding=0 cellspacing=2>
<tr>
<td colspan=8 height=3><img border=0 width=1 height=3 src="/_layouts/images/blank.gif" alt=""></td>
</tr>
</table>
]]></HTML>
</ListFormButtons>
<ListFormBody>
<SetVar Name="FreeForm">TRUE</SetVar>
<HTML><![CDATA[<TABLE class="ms-formtable" border=0 cellpadding=2>]]></HTML>
<Fields>
   <Switch>
    <Expr><LookupColumn Name="FSObjType"/><Property Select="Hidden"/></Expr>
    <Case Value="1">
     <Switch><Expr><Property Select="Name"/></Expr>
      <Case Value="FileLeafRef">
       <SetVar Name="ShowField" Scope="Request"></SetVar>
      </Case>
      <Default>
       <SetVar Name="ShowField" Scope="Request">0</SetVar>
      </Default>
     </Switch>
    </Case>
    <Default>
     <SetVar Name="ShowField" Scope="Request"/>
    </Default>
   </Switch>
   <Switch>
    <Expr><GetVar Name="ShowField"/></Expr>
    <Case Value="0"/>
    <Default>
	<HTML><![CDATA[<TR><TH nowrap valign=top class="ms-formlabel">]]></HTML>
	<Property Select="DisplayName" HTMLEncode="TRUE" AutoNewLine="TRUE"/>
	<HTML><![CDATA[:</TH>]]></HTML>
	<HTML><![CDATA[<TD valign="top" class="ms-formbody">]]></HTML>
	<HTML><![CDATA[<table border=0 cellpadding=0 cellspacing=0><tr><td class="ms-formbody">]]></HTML>
	<SetVar Name="SendToHtmlTransform" Scope="Request"></SetVar>
	<IfEqual>
		<Expr1><Property Select="Name"/></Expr1>
		<Expr2>FileLeafRef</Expr2>
		<Then>
			<IfEqual>
				<Expr1><ServerProperty Select="HtmlTransform"/><ServerProperty Select="HtmlTrAcceptType"><Column Name="File_x0020_Type"/></ServerProperty></Expr1>
				<Expr2>TRUETRUE</Expr2>
				<Then>
					<SetVar Name="SendToHtmlTransform" Scope="Request">1</SetVar>
				</Then>
			</IfEqual>
		</Then>
	</IfEqual>
	<IfEqual>
		<Expr1><GetVar Name="SendToHtmlTransform"/></Expr1>
		<Expr2>1</Expr2>
		<Then>
			<HTML><![CDATA[<A HREF="]]></HTML>
			<HttpVDir/>
			<HTML><![CDATA[/_layouts/]]><![CDATA[1033]]><![CDATA[/htmltrverify.aspx?doc=/]]></HTML>
			<LookupColumn Name="FileRef" URLEncode="TRUE"/>
			<HTML><![CDATA[">]]></HTML>
			<UrlBaseName HTMLEncode="TRUE"><LookupColumn Name="FileLeafRef"/></UrlBaseName>
			<HTML><![CDATA[</A>]]></HTML>
		</Then>
		<Else>
	<IfEqual>
		<Expr1><Property Select="Name"/></Expr1>
		<Expr2>FileLeafRef</Expr2>
		<Then>
			<HTML><![CDATA[<A href="/]]></HTML>
			<LookupColumn Name="FileRef" URLEncodeAsURL="TRUE"/>
			<HTML><![CDATA[" onclick="if (browseris.ie && browseris.win32) DispDocItemEx(this, 'FALSE', 'FALSE', 'FALSE', ']]></HTML>
			<ServerProperty Select="HtmlTrProgId"><Column Name="File_x0020_Type"/></ServerProperty>
			<HTML><![CDATA[');">]]></HTML>
			<UrlBaseName HTMLEncode="TRUE"><LookupColumn Name="FileLeafRef"/></UrlBaseName>
			<HTML><![CDATA[</A>]]></HTML>
		</Then>
		<Else>
			<Field/>
		</Else>
	</IfEqual>
		</Else>
	</IfEqual>		
	<HTML><![CDATA[</td></tr></table>]]></HTML>
	<HTML><![CDATA[</TD></TR>]]></HTML>
	</Default>
    </Switch>
</Fields>
<Switch>
<Expr><ListProperty Select="ModeratedList"/></Expr>
<Case Value="0"/>
<Default>
    <HTML><![CDATA[<tr><td class="ms-smallsectionline" height=1 colspan=2><img src="/_layouts/images/blank.gif" alt=""></td></tr>]]></HTML>
    <HTML><![CDATA[<TR><TH nowrap valign=top class="ms-formlabel">]]></HTML>
    <FieldProperty Name="_ModerationStatus" Select="DisplayName" HTMLEncode="TRUE"/>
    <HTML><![CDATA[:</TH>]]></HTML>
    <HTML><![CDATA[<TD valign="top" class="ms-formbody">]]></HTML>
    <HTML><![CDATA[<table border=0 cellpadding=0 cellspacing=0><tr><td class="ms-formbody">]]></HTML>
     <Field Name="_ModerationStatus"/>
     <Switch>
     <Expr><Field Name="_ModerationComments"/></Expr>
     <Case Value=""/>
     <Default>
     <HTML><![CDATA[<BR>]]></HTML>
     <Field Name="_ModerationComments"/>
     </Default>
     </Switch>
    <HTML><![CDATA[</td></tr></table>]]></HTML>
    <HTML><![CDATA[</TD></TR>]]></HTML>
</Default>
</Switch>
<HTML><![CDATA[</TABLE>]]></HTML>
<Switch>
<Expr>
    <GetVar Name="WebEditorPreview"/>
</Expr>
<Case Value="TRUE">
    <SetVar Name="DisplayMode" Scope="Request">PREVIEWDISPLAY</SetVar>   
</Case>
<Default>
    <SetVar Name="DisplayMode" Scope="Request">DISPLAY</SetVar>   
</Default>
</Switch>
<HTML><![CDATA[
<table border=0 cellpadding=0 cellspacing=0 width=100%>
 <tr><td>&nbsp;</td></tr>
 <tr>
  <td class="ms-formlabel"> 
   <table border=0 cellpadding=0 cellspacing=4 width=100%>
    <tr><td class="ms-sectionline" height=1><IMG SRC="/_layouts/images/blank.gif" width=1 height=1 alt=""></td></tr>
    <tr><td height=1><IMG SRC="/_layouts/images/blank.gif" width=1 height=1 alt=""></td></tr>
    <tr><td class="ms-formbody" ID=onetidinfoblock1>]]></HTML><HTML>Created at </HTML><SetVar Name="FreeForm" Scope="Request">TRUE</SetVar><Field Name="Created"/><HTML> by </HTML><Field Name="Author"/><HTML><![CDATA[</td></tr>
    <tr><td class="ms-formbody" ID=onetidinfoblock2>]]></HTML><HTML>Last modified at </HTML><SetVar Name="FreeForm" Scope="Request">TRUE</SetVar><Field Name="Modified"/><HTML> by </HTML><Field Name="Editor"/><HTML><![CDATA[</td></tr> 
]]></HTML><SetVar Name="FreeForm" Scope="Request"></SetVar><HTML><![CDATA[
   </table>
  </td>
 </tr>
</table>
]]></HTML>
<SetVar Name="FreeForm"></SetVar>
</ListFormBody>
                     </Form>
                     <Form Type="EditForm" Url="Forms/EditForm.aspx" WebPartZoneID="Main">
<ListFormOpening><HTML><![CDATA[
<SCRIPT>
var frm = new OWSForm(]]></HTML><ScriptQuote><Switch><Expr><GetVar Name="HTMLFormName"/></Expr><Case Value=""><HTML><![CDATA[OWSForm]]></HTML></Case><Default><GetVar Name="HTMLFormName"/></Default></Switch></ScriptQuote><HTML><![CDATA[, true, ]]></HTML><ScriptQuote><HttpVDir/><HTML>/_layouts/</HTML></ScriptQuote><HTML><![CDATA[);
frm.fPreviewMode = (]]></HTML><ScriptQuote><GetVar Name="ID"/></ScriptQuote><HTML><![CDATA[ == ""); 
var theForm = document.forms[]]></HTML><ScriptQuote><Switch><Expr><GetVar Name="HTMLFormName"/></Expr><Case Value=""><HTML><![CDATA[OWSForm]]></HTML></Case><Default><GetVar Name="HTMLFormName"/></Default></Switch></ScriptQuote><HTML><![CDATA[];
</SCRIPT>]]></HTML>
<HTML><![CDATA[<SCRIPT>]]></HTML>
<HTML><![CDATA[ frm.dopt.chDateSep = ]]></HTML><ScriptQuote><LocaleInfo LCTYPE="29"/></ScriptQuote><HTML><![CDATA[; frm.dopt.chTimeSep = ]]></HTML><ScriptQuote><LocaleInfo LCTYPE="30"/></ScriptQuote><HTML><![CDATA[; frm.dopt.SetTimeFormat(]]></HTML><ProjectProperty Select="Time24"/><HTML><![CDATA[); frm.dopt.SetDateOrder(]]></HTML><LocaleInfo LCTYPE="33"/><HTML><![CDATA[); frm.dopt.SetDOW(]]></HTML><LocaleInfo LCTYPE="4108"/> <HTML><![CDATA[); frm.dopt.stAM = ]]></HTML><ScriptQuote><LocaleInfo LCTYPE="40"/></ScriptQuote><HTML><![CDATA[; frm.dopt.stPM = ]]></HTML><ScriptQuote><LocaleInfo LCTYPE="41"/></ScriptQuote><HTML><![CDATA[; frm.dopt.TimeMarkPosn = ]]></HTML><LocaleInfo LCTYPE="4101"/><HTML><![CDATA[; frm.dopt.webTZOffsetMin = ]]></HTML><ProjectProperty Select="TimeZoneBias"/><HTML><![CDATA[; ]]></HTML>
<HTML><![CDATA[ frm.nopt.chDigSep = ]]></HTML><ScriptQuote><LocaleInfo LCTYPE="15"/></ScriptQuote><HTML><![CDATA[; frm.nopt.chDecimal = ]]></HTML><ScriptQuote><LocaleInfo LCTYPE="14"/></ScriptQuote><HTML><![CDATA[; frm.nopt.chMinus = ]]></HTML><ScriptQuote><LocaleInfo LCTYPE="81"/></ScriptQuote><HTML><![CDATA[; frm.nopt.iNegNumber = ]]></HTML><LocaleInfo LCTYPE="4112"/><HTML><![CDATA[; frm.nopt.SetGrouping(]]></HTML><ScriptQuote><LocaleInfo LCTYPE="16"/></ScriptQuote><HTML><![CDATA[); ]]></HTML>
<HTML><![CDATA[
frm.stFieldPrefix = ]]></HTML><ScriptQuote><FieldPrefix/></ScriptQuote><HTML><![CDATA[;
frm.stImagesPath = ]]></HTML><ScriptQuote>/_layouts/images/</ScriptQuote><HTML><![CDATA[;
frm.wBaseType = ]]></HTML><ListProperty Select="BaseType"/><HTML><![CDATA[;
</SCRIPT>]]></HTML>
<HTML><![CDATA[
<SCRIPT>
function DeleteItem()
{
     ]]></HTML>
      <Switch>
       <Expr><LookupColumn Name="FSObjType"/></Expr>
        <Case Value="0">
         <HTML>var L_Delete_text=L_STSDelConfirm_Text;</HTML>
        </Case>
        <Default>
         <HTML>var L_Delete_text=L_STSDelConfirm1_Text;</HTML>
        </Default>
      </Switch>
     <HTML><![CDATA[
    if (confirm(L_Delete_text))
    {
       SetControlValue("onetidCmd", "Delete");
       SubmitFormPost(']]></HTML><HttpPath/><HTML><![CDATA[&Cmd=Delete&List=]]></HTML><List/><HTML><![CDATA[&ID=]]></HTML><ID/><HTML><![CDATA[&NextUsing=' + GetSource(]]></HTML><ScriptQuote><ListProperty Select="DefaultViewUrl"/></ScriptQuote><HTML><![CDATA[) + '&owsfileref=]]></HTML><Switch><Expr><ScriptQuote><GetVar Name="WebEditorPreview"/></ScriptQuote></Expr><Case Value="TRUE"/><Default><Field Name="ServerUrl" URLEncode="TRUE"/></Default></Switch><HTML><![CDATA[');
    }
}
function SubmitForm()
{
    theForm.action = ]]></HTML><ScriptQuote><HttpPath/></ScriptQuote><HTML><![CDATA[;
    frm.ValidateAndSubmit(true);
}
function Discuss(strUrl)
{
    var L_IE5upRequired_Text = "]]><![CDATA['Discuss' requires a Windows SharePoint Services-compatible application and Microsoft Internet Explorer 5.0 or greater.]]><![CDATA[";
    if (browseris.ie5up && browseris.win32)
	STSNavigate(strUrl);
    else
	alert(L_IE5upRequired_Text);
}
</SCRIPT>
]]></HTML>
<Switch><Expr><GetVar Name="HTMLFormName"/></Expr>
<Case Value=""><HTML><![CDATA[
<Form Name="OWSForm" EncType="multipart/form-data" Action="]]></HTML><HttpPath/><HTML><![CDATA[" Method=POST onsubmit="return false;">
]]></HTML></Case></Switch>
<HTML><![CDATA[
  <INPUT type=hidden name="_charset_">
  <INPUT type=hidden name="NextID" value="-1" />
  <INPUT type=hidden name="NextUsing" value="]]></HTML><GetVar Name="Source" HTMLEncode="TRUE"/><HTML><![CDATA[" />
  <INPUT ID=onetidCmd Type=Hidden Name="Cmd" Value="Save">
  <INPUT ID=onetidNotDemoting type=hidden name="NotDemoting">
  <INPUT ID=onetidNotDemotingURL type=hidden name="NotDemotingURL">
]]></HTML>
<Switch><Expr><GetVar Name="ChangeApproval"/></Expr>
<Case Value="TRUE">
<HTML><![CDATA[
<SCRIPT>
function SubmitModerateCommand()
{
    theForm.action = ]]></HTML><ScriptQuote><HttpPath/></ScriptQuote><HTML><![CDATA[;
    theForm["Cmd"].value = "MODERATE";
    frm.ValidateAndSubmit(true);
}
</SCRIPT>
<SPAN id='partChangeApproval'>
    <TABLE cellSpacing=0 cellPadding=0 border=0>
    <TBODY>
    <TR>
    <TD class="ms-descriptiontext" style="padding-bottom: 10px">]]></HTML><HTML>
    Use this page to approve or reject submissions. Note that rejecting an item does not delete it, and that users who know the exact URL of a rejected item can still view it.
    </HTML>
        <HTML><![CDATA[ <a HREF=javascript:HelpWindowKey("ContentApproval")>]]></HTML>
        <HTML>More information on content approval.</HTML>
        <HTML><![CDATA[</A>
    </TD>
    </TR>
        <TR><TD height=4><IMG SRC="/_layouts/images/blank.gif" width=1 height=1 alt=""></TD></TR>
    </TBODY>
    </TABLE>
    <TABLE width=100% border=0 cellpadding=0 cellspacing=0>
      <TBODY>
       <tr>
        <td class="ms-sectionline" colspan=4 height=1><IMG SRC="/_layouts/images/blank.gif" width=1 height=1 alt=""></td>
       </tr>
       <TR>
        <TD nowrap rowspan="2"></TD>
        <TD class="ms-descriptiontext" rowspan="2" valign="top"  ID="align02">
          <TABLE border=0 cellpadding=1 cellspacing=0>
            <TR><TD colspan=2 class="ms-sectionheader" height=28 valign=top ID="201">]]></HTML><HTML>Approval Status</HTML><HTML><![CDATA[</TD></TR>
            <TR><TD id=onetidListDescription class="ms-descriptiontext">]]></HTML><HTML>
                    Approve, reject, or leave the status as Pending for others with the Manage Lists right to evaluate the item.
            </HTML><HTML><![CDATA[</TD><TD width="10">&nbsp;</TD></TR>
          </TABLE>
        </TD>
        <TD height=10 colspan=2 class="ms-authoringcontrols"><IMG SRC="/_layouts/images/blank.gif" width=1 height=1 alt=""></TD>
       </TR>
       <TR>
        <TD class=ms-authoringcontrols colSpan=2>
         <TABLE cellSpacing=0 cellPadding=0 border=0><TR>
           <TD class="ms-authoringcontrols" width=10>&nbsp;</TD>
           <TD class="ms-authoringcontrols" ID="800" valign=top>
        	<INPUT id=onetidApproved Type="Radio"  Name="]]></HTML><FieldPrefix/><HTML><![CDATA[_ModerationStatus" Value=0]]></HTML>
        	<Switch><Expr><Field Name="_ModerationStatus"/></Expr>
        	<Case Value="0">
        	<HTML><![CDATA[ CHECKED ]]></HTML>
        	</Case>
        	<Default/>
        	</Switch>
        	<HTML><![CDATA[></TD>
           <TD class=ms-authoringcontrols style="PADDING-TOP: 3px">
        	<LABEL for="onetidApproved"><B>]]></HTML><HTML>Approved.</HTML><HTML><![CDATA[&nbsp;</B><BR>]]></HTML><HTML>This item will become visible to all users.</HTML><HTML><![CDATA[</LABEL>
                </TD>
               <TD class="ms-authoringcontrols" width=10>&nbsp;</TD>
               </TR>
               <TR><TD class="ms-authoringcontrols" colspan=4 height=6><IMG SRC="/_layouts/images/blank.gif" width=1 height=1 alt=""></TD></TR>
               <TR>
               <TD class="ms-authoringcontrols" width=10>&nbsp;</TD>
                <TD class="ms-authoringcontrols" ID="800" valign=top>
        	<INPUT id=onetidDenied Type="Radio"  Name="]]></HTML><FieldPrefix/><HTML><![CDATA[_ModerationStatus" Value=1]]></HTML>
        	<Switch><Expr><Field Name="_ModerationStatus"/></Expr>
        	<Case Value="1">
        	<HTML><![CDATA[ CHECKED ]]></HTML>
        	</Case>
        	<Default/>
        	</Switch>
        	<HTML><![CDATA[></TD>
           <TD class=ms-authoringcontrols style="PADDING-TOP: 3px">
        	<LABEL for="onetidDenied"><B>]]></HTML><HTML>Rejected.</HTML><HTML><![CDATA[&nbsp;</B><BR>]]></HTML><HTML>This item will be returned to its creator and not appear in public views.</HTML><HTML><![CDATA[</LABEL>
                </TD>
               <TD class="ms-authoringcontrols" width=10>&nbsp;</TD>
               </TR>
               <TR><TD class="ms-authoringcontrols" colspan=4 height=6><IMG SRC="/_layouts/images/blank.gif" width=1 height=1 alt=""></TD></TR>
               <TR>
               <TD class="ms-authoringcontrols" width=10>&nbsp;</TD>
                <TD class="ms-authoringcontrols" ID="800" valign=top>
        	<INPUT id=onetidPending Type="Radio"  Name="]]></HTML><FieldPrefix/><HTML><![CDATA[_ModerationStatus" Value=2]]></HTML>
        	<Switch><Expr><Field Name="_ModerationStatus"/></Expr>
        	<Case Value="2">
        	<HTML><![CDATA[ CHECKED ]]></HTML>
        	</Case>
        	<Default/>
        	</Switch>
        	<HTML><![CDATA[></TD>
           <TD class=ms-authoringcontrols style="PADDING-TOP: 3px">
        	<LABEL for="onetidPending"><B>]]></HTML><HTML>Pending.</HTML><HTML><![CDATA[&nbsp;</B><BR>]]></HTML><HTML>This item will remain visible to its creator and all users with the Manage Lists right.</HTML><HTML><![CDATA[</LABEL>
                </TD>
               <TD class="ms-authoringcontrols" width=10>&nbsp;</TD>
               </TR>
           <TR><TD class="ms-authoringcontrols" colspan=4 height=21><IMG SRC="/_layouts/images/blank.gif" width=1 height=1 alt=""></TD></TR>
         </TABLE>
        </td>
       </tr>
       <tr>
        <td class="ms-sectionline" colspan=4 height=1><IMG SRC="/_layouts/images/blank.gif" width=1 height=1 alt=""></td>
       </tr>
       <TR>
        <TD nowrap rowspan="3"></TD>
        <TD class="ms-descriptiontext" rowspan="3" valign="top"  ID="align02">
          <TABLE border=0 cellpadding=1 cellspacing=0>
            <TR><TD colspan=2 class="ms-sectionheader" height=28 valign=top ID="201">]]></HTML><HTML>Comment</HTML><HTML><![CDATA[</TD></TR>
            <TR><TD id=onetidListDescription class="ms-descriptiontext">]]></HTML><HTML>
                    Use this field to enter any comments about why the item was approved or rejected.
            </HTML><HTML><![CDATA[</TD><TD width="10">&nbsp;</TD></TR>
          </TABLE>
        </TD>
        <TD height=10 colspan=2 class="ms-authoringcontrols"><IMG SRC="/_layouts/images/blank.gif" width=1 height=1 alt=""></TD>
       </TR>
       <TR>
       <TD class="ms-authoringcontrols" width=10>&nbsp;</TD>
        <TD class="ms-authoringcontrols" ID="800">
          ]]></HTML><Field Name="_ModerationComments"/><HTML><![CDATA[
        </TD>
       </TR>
       <TR><TD class="ms-authoringcontrols" colspan=2 height=21><IMG SRC="/_layouts/images/blank.gif" width=1 height=1 alt=""></TD></TR>       
<!--OK/Cancel-->
    <TR><TD class=ms-sectionline height=2 colspan=4><IMG SRC="/_layouts/images/blank.gif" width=1 height=1 alt=""></TD></TR>
    <TR>
        <TD class=ms-spaceBetContentAndButton colspan=4><IMG SRC="/_layouts/images/blank.gif" width=1 height=1 alt=""></TD>
    </TR>
    <TR>
     <TD align=right colspan=4 ID="align01">
      <INPUT ID=onetidOK class="ms-ButtonHeightWidth" onClick="SubmitModerateCommand();" Type="button" Value="     OK     ">
      <span id="idSpace" class=ms-SpaceBetButtons></span>
      <INPUT ID=onetidCancel class="ms-ButtonHeightWidth" Type="button" onclick="window.parent.history.back()" Value="   Cancel   ">
     </TD>
    </TR>
    <tr>
      </TBODY>
    </TABLE>
</SPAN><SPAN id='part1' style='display:none'>]]></HTML>
</Case>
<Default>
<HTML><![CDATA[<SPAN id='part1'>]]></HTML>
</Default>
</Switch>
<Switch><Expr><Column Name='HTML_x0020_File_x0020_Type'/></Expr>
  <Case Value="SharePoint.WebPartPage.Document">
    <SetVar Name="IsWebPartPage" Scope="Request">1</SetVar>
  </Case>
</Switch>
  <Identity/>
</ListFormOpening>
<ListFormButtons>
    <Switch>
    <Expr><ListProperty Select="ModeratedList"/></Expr>
    <Case Value="0"/>
    <Default>
        <HTML><![CDATA[<table border=0><tr><td valign=top class="ms-propertysheet" style="padding-bottom: 10px"><font color=red><b>!&nbsp;</b></font>]]></HTML>
        <HTML>Items on this list require content approval. Your submission will not appear in public views until approved by someone with proper rights.</HTML>
        <HTML><![CDATA[ <a HREF=javascript:HelpWindowKey("ContentApproval")>]]></HTML>
        <HTML>More information on content approval.</HTML>
        <HTML><![CDATA[</A>]]></HTML>
        <HTML><![CDATA[</td></tr></table>]]></HTML>
    </Default>
    </Switch>
<HTML><![CDATA[
  <TABLE class="ms-toolbar" style="margin-left: 3px;" cellpadding=2 cellspacing=0 border=0>
   <TR>
       <TD class="ms-toolbar"> <table cellpadding=1 cellspacing=0 border=0> <tr> <td class="ms-toolbar" nowrap> <a tabindex=2 ID=diidIOSaveItem class="ms-toolbar" title=]]></HTML><HTML>"Save"</HTML><HTML><![CDATA[ ACCESSKEY=S href="javascript:SubmitForm()" target="_self"> <img src="/_layouts/images/saveitem.gif" ID="tbbuttonstart1" alt=]]></HTML><HTML>"Save"</HTML><HTML><![CDATA[ border=0 width=16 height=16></a></td> <td nowrap> <a tabindex=2 ID=diidIOSaveItem class="ms-toolbar" ACCESSKEY=S href="javascript:SubmitForm()" target="_self">
           <LocID ID="L_EditFormSave">]]></HTML>
           <HTML>Save and Close</HTML>
           <HTML><![CDATA[</LocID>
       </a> </td> </tr> </table> </TD>
    <TD class=ms-separator>|</td>
<TD class="ms-toolbar"> <table cellpadding=1 cellspacing=0 border=0> <tr> <td class="ms-toolbar" nowrap> <a tabindex=2 ID=diidIODeleteItem class="ms-toolbar" title=]]></HTML><HTML>"Delete"</HTML><HTML><![CDATA[ ACCESSKEY=X href="javascript:DeleteItem()" target="_self"> <img src="/_layouts/images/delitem.gif" ID="tbbuttonstart1" alt=]]></HTML><HTML>"Delete"</HTML><HTML><![CDATA[ border=0 width=16 height=16></a></td> <td nowrap> <a tabindex=2 ID=diidIODeleteItem class="ms-toolbar" ACCESSKEY=X href="javascript:DeleteItem()" target="_self">
   <LocID ID="L_EditFormDelete">]]></HTML><HTML>Delete</HTML><HTML><![CDATA[</LocID>
</a> </td> </tr> </table> </TD> 
<TD class=ms-separator>|</td>
     ]]></HTML>
      <Switch>
       <Expr><LookupColumn Name="FSObjType"/></Expr>
        <Case Value="0">
         <Switch>
          <Expr><GetVar Name="IsWebPartPage"/></Expr>
          <Case Value="1"/>
          <Default>
     <HTML><![CDATA[
    ]]></HTML>
    <SetVar Name="fDisplayCheckOut" Scope="Request">0</SetVar>
    <Switch>
     <Expr><LookupColumn Name="CheckedOutUserId"/></Expr>
     <Case Value="">
      <SetVar Name="fDisplayCheckOut" Scope="Request">1</SetVar>
     </Case>
     <Default>
      <SetVar Name="fDisplayCheckOut" Scope="Request">0</SetVar>
     </Default>
    </Switch>
    <Switch>
     <Expr><GetVar Name="fDisplayCheckOut"/></Expr>
     <Case Value="1">
      <HTML><![CDATA[
      <td class="ms-toolbar"> <table cellpadding=1 cellspacing=0 border=0> <tr> <td class="ms-toolbar" nowrap> <a tabindex=2 ID=diidIOCheckOut class="ms-toolbar" ACCESSKEY=O href="javascript:" onclick="javascript:NavigateToCheckinAspx(']]></HTML><ScriptQuote NotAddingQuote="TRUE"><HttpVDir/></ScriptQuote><HTML><![CDATA[', 'Checkout=true&FileName=]]></HTML><Field Name="ServerUrl" URLEncode="TRUE"/><HTML><![CDATA[');javascript:return false;" target=_top title=]]></HTML><HTML>"Check Out"</HTML><HTML><![CDATA[><img src="/_layouts/images/checkout.gif" ID="tbbutton1O" alt=]]></HTML><HTML>"Check Out"</HTML><HTML><![CDATA[ border=0 width=16 height=16></a></td> <td nowrap> <a tabindex=2 class="ms-toolbar" ACCESSKEY=O ID=diidIOCheckOut href="javascript:" onclick="javascript:NavigateToCheckinAspx(']]></HTML><ScriptQuote NotAddingQuote="TRUE"><HttpVDir/></ScriptQuote><HTML><![CDATA[', 'Checkout=true&FileName=]]></HTML><Field Name="ServerUrl" URLEncode="TRUE"/><HTML><![CDATA[');javascript:return false;" target=_top>]]></HTML><HTML>Check Out</HTML><HTML><![CDATA[</a></td> </tr></table></td>
      <TD class=ms-separator>|</td>
      ]]></HTML>
     </Case>
     <Default>
      <HTML><![CDATA[
      <td class="ms-toolbar"> <table cellpadding=1 cellspacing=0 border=0> <tr> <td class="ms-toolbar" nowrap> <a tabindex=2 ID=diidIOCheckIn class="ms-toolbar" ACCESSKEY=K href="javascript:" onclick="javascript:NavigateToCheckinAspx(']]></HTML><ScriptQuote NotAddingQuote="TRUE"><HttpVDir/></ScriptQuote><HTML><![CDATA[', 'FileName=]]></HTML><Field Name="ServerUrl" URLEncode="TRUE"/><HTML><![CDATA[');javascript:return false;" target=_top title=]]></HTML><HTML>"Check In"</HTML><HTML><![CDATA[><img src="/_layouts/images/checkin.gif" ID="tbbutton1K" alt=]]></HTML><HTML>"Check In"</HTML><HTML><![CDATA[ border=0 width=16 height=16></a></td> <td nowrap> <a tabindex=2 class="ms-toolbar" ACCESSKEY=K ID=diidIOCheckIn href="javascript:" onclick="javascript:NavigateToCheckinAspx(']]></HTML><ScriptQuote NotAddingQuote="TRUE"><HttpVDir/></ScriptQuote><HTML><![CDATA[', 'FileName=]]></HTML><Field Name="ServerUrl" URLEncode="TRUE"/><HTML><![CDATA[');javascript:return false;" target=_top>]]></HTML><HTML>Check In</HTML><HTML><![CDATA[</a></td> </tr></table></td>
      <TD class=ms-separator>|</td>
      ]]></HTML>
     </Default>
    </Switch>
    <HTML><![CDATA[
    <td class="ms-toolbar"> <table cellpadding=1 cellspacing=0 border=0> <tr> <td class="ms-toolbar" nowrap> <a tabindex=2 ID=diidIOVersions class="ms-toolbar" ACCESSKEY=O href="javascript:" onclick="javascript:NavigateToVersionsAspx(']]></HTML><ScriptQuote NotAddingQuote="TRUE"><HttpVDir/></ScriptQuote><HTML><![CDATA[', 'list=]]></HTML><List/><HTML><![CDATA[&FileName=]]></HTML><Field Name="ServerUrl" URLEncode="TRUE"/><HTML><![CDATA[');javascript:return false;" target=_top title=]]></HTML><HTML>"Version History"</HTML><HTML><![CDATA[><img src="/_layouts/images/versions.gif" ID="tbbutton1O" alt=]]></HTML><HTML>"Version History"</HTML><HTML><![CDATA[ border=0 width=16 height=16></a></td> <td nowrap> <a tabindex=2 class="ms-toolbar" ACCESSKEY=O ID=diidIOVersions href="javascript:" onclick="javascript:NavigateToVersionsAspx(']]></HTML><ScriptQuote NotAddingQuote="TRUE"><HttpVDir/></ScriptQuote><HTML><![CDATA[', 'list=]]></HTML><List/><HTML><![CDATA[&FileName=]]></HTML><Field Name="ServerUrl" URLEncode="TRUE"/><HTML><![CDATA[');javascript:return false;" target=_top>]]></HTML><HTML>Version History</HTML><HTML><![CDATA[</a></td> </tr></table></td>
    <TD class=ms-separator>|</td>
     ]]></HTML>
          </Default>
         </Switch>
     <HTML><![CDATA[
     ]]></HTML>
        </Case>
      </Switch>
     <HTML><![CDATA[
    <TD class="ms-toolbar"><table cellpadding=1 cellspacing=0 border=0><tr><td colspan=2 nowrap><a tabindex="2" class="ms-toolbar" ACCESSKEY=G ID=diidIOGoBack href="]]></HTML><ListProperty Select='DefaultViewUrl'/><HTML><![CDATA[" ONCLICK="javascript:GoBack(']]></HTML><ScriptQuote NotAddingQuote="TRUE"><ListProperty Select="DefaultViewUrl"/></ScriptQuote><HTML><![CDATA[');return false;" target="_self">
<LocID ID="L_EditFormGoBack">]]></HTML><HTML>Go Back to Gallery</HTML><HTML><![CDATA[</LocID>
</a></td></tr></table></TD>
<td width=100%><img src="/_layouts/images/blank.gif" alt=""></td>
   </TR>
  </TABLE>
  <table width=100% border=0 cellpadding=0 cellspacing=2>
  <tr>
   <td colspan=5 height=3><img border=0 width=1 height=3 src="/_layouts/images/blank.gif" alt=""></td>
  </tr>
  </table>
<font size=1><br></font>
]]></HTML>
</ListFormButtons>
<ListFormBody><HTML><![CDATA[
<TABLE border=0 cellpadding=2>]]></HTML>
<Switch>
<Expr><ListProperty Select="ModeratedList"/></Expr>
<Case Value="0"/>
<Default>
<Switch><Expr><GetVar Name="ChangeApproval"/></Expr>
<Case Value="TRUE"/>
<Default>
    <HTML><![CDATA[<INPUT TYPE=HIDDEN NAME="]]></HTML>
    <FieldPrefix/>
    <HTML><![CDATA[_ModerationStatus" VALUE="]]></HTML>
    <Field Name="_ModerationStatus"/>
    <HTML><![CDATA[">]]></HTML>
    <HTML><![CDATA[<INPUT TYPE=HIDDEN NAME="]]></HTML>
    <FieldPrefix/>
    <HTML><![CDATA[_ModerationComments" VALUE="]]></HTML>
    <Column Name="_ModerationComments" HTMLEncode="TRUE"/>
    <HTML><![CDATA[">]]></HTML>
</Default>
</Switch>
</Default>
</Switch>
      <Switch>
       <Expr><LookupColumn Name="FSObjType"/></Expr>
        <Case Value="1">
         <HTML><![CDATA[<INPUT TYPE=HIDDEN NAME="Type" VALUE="1">]]></HTML>
        </Case>
      </Switch>
      <Fields>
       <Switch>
        <Expr><LookupColumn Name="FSObjType"/><Property Select="Hidden"/></Expr>
        <Case Value="1">
         <Switch><Expr><Property Select="Name"/></Expr>
          <Case Value="FileLeafRef">
           <SetVar Name="ShowField" Scope="Request">1</SetVar>
          </Case>
          <Default>
           <SetVar Name="ShowField" Scope="Request">0</SetVar>
          </Default>
         </Switch>
        </Case>
        <Default>
         <SetVar Name="ShowField" Scope="Request"/>
        </Default>
       </Switch>
       <Switch>
        <Expr><Property Select="Name"/></Expr>
        <Case Value="Title">
         <Switch>
          <Expr><GetVar Name="IsWebPartPage"/></Expr>
          <Case Value="1">
           <SetVar Name="ShowField" Scope="Request">0</SetVar>
          </Case>
         </Switch>
        </Case>
       </Switch>
       <Switch>
        <Expr><GetVar Name="ShowField"/></Expr>
        <Case Value="0"/>
        <Default>
    <HTML><![CDATA[<TR><TH nowrap valign=top class="ms-formlabel"><nobr>]]></HTML>
    <Property Select="DisplayName" HTMLEncode="TRUE" AutoNewLine="TRUE"/>
    <Switch>
      <Expr><Property Select="Required"/></Expr>
	  <Case Value="TRUE">
       <HTML><![CDATA[<font color=red> *</font>]]></HTML>
       <SetVar Scope="Request" Name="HasRequired">TRUE</SetVar>
      </Case>
    </Switch>
    <HTML><![CDATA[</nobr></TH><TD class="ms-formbody">]]></HTML>
    <Field/>
    <Switch>
      <Expr><Property Select="RichText"/></Expr>
      <Case Value="TRUE"/>
      <Default>
        <Switch>
          <Expr><Property Select="Type"/></Expr>
          <Case Value="Choice"/>
          <Case Value="MultiChoice"/>
          <Default>
            <HTML><![CDATA[&nbsp;]]></HTML>
            <Switch>
              <Expr><Property Select="NoEditFormBreak"/></Expr>
              <Case Value="TRUE"/>
              <Default>
                <HTML><![CDATA[<br>]]></HTML>
              </Default>
            </Switch>
          </Default>
        </Switch>
      </Default>
    </Switch>
    <HTML><![CDATA[<SPAN class="ms-formdescription">]]></HTML>
    <Property Select="Description" HTMLEncode="TRUE" AutoHyperLink="TRUE" AutoNewLine="TRUE"/>
    <HTML><![CDATA[</SPAN></TD></TR>]]></HTML>
        </Default>
       </Switch>       
      </Fields>
<HTML><![CDATA[</TABLE>]]></HTML>
         <Switch>
           <Expr><GetVar Name="IsWebPartPage"/></Expr>
           <Case Value="1">
             <HTML><![CDATA[
               <P>
               <TABLE>
                 <TR>
                   <TD class="ms-formbody" valign=top>
                     Open this Web Part Page in maintenance view to delete problem Web Parts and remove personal settings.<BR>
                     <A href="]]></HTML><HttpVDir/><HTML><![CDATA[/_layouts/<%=System.Threading.Thread.CurrentThread.CurrentUICulture.LCID%>/spcontnt.aspx?url=]]></HTML><Field Name='ServerUrl' URLEncode='TRUE'/><HTML><![CDATA[">]]></HTML><HTML>Open Web Part Page in maintenance view</HTML><HTML><![CDATA[</A>  
                   </TD>
                 </TR>
               </TABLE>
             ]]></HTML>
           </Case>
         </Switch>
      <Switch>
        <Expr><GetVar Name="HasRequired"/></Expr>
        <Case Value="TRUE"><HTML><![CDATA[
        <TABLE border=0 cellpadding=2>
        <TR>
        <TD class="ms-descriptiontext" colspan=2 valign=top><br><font color=red>*</font>&nbsp;]]></HTML><HTML>indicates a required field</HTML><HTML><![CDATA[</td>
        </TR>
        </TABLE>
        ]]></HTML>
        </Case>
      </Switch>
<Switch>
<Expr>
    <GetVar Name="WebEditorPreview"/>
</Expr>
<Case Value="TRUE">
    <SetVar Name="DisplayMode" Scope="Request">PREVIEWDISPLAY</SetVar>   
</Case>
<Default>
    <SetVar Name="DisplayMode" Scope="Request">DISPLAY</SetVar>   
</Default>
</Switch>
<HTML><![CDATA[
<table border=0 cellpadding=0 cellspacing=0 width=100%>
 <tr><td>&nbsp;</td></tr>
 <tr>
  <td class="ms-formlabel"> 
   <table border=0 cellpadding=0 cellspacing=4 width=100%>
    <tr><td class="ms-sectionline" height=1><IMG SRC="/_layouts/images/blank.gif" width=1 height=1 alt=""></td></tr>
    <tr><td height=1><IMG SRC="/_layouts/images/blank.gif" width=1 height=1 alt=""></td></tr>
    <tr><td class="ms-formbody" ID=onetidinfoblock1>]]></HTML><HTML>Created at </HTML><SetVar Name="FreeForm" Scope="Request">TRUE</SetVar><Field Name="Created"/><HTML> by </HTML><Field Name="Author"/><HTML><![CDATA[</td></tr>
    <tr><td class="ms-formbody" ID=onetidinfoblock2>]]></HTML><HTML>Last modified at </HTML><SetVar Name="FreeForm" Scope="Request">TRUE</SetVar><Field Name="Modified"/><HTML> by </HTML><Field Name="Editor"/><HTML><![CDATA[</td></tr> 
]]></HTML><SetVar Name="FreeForm" Scope="Request"></SetVar><HTML><![CDATA[
   </table>
  </td>
 </tr>
</table>
]]></HTML>
</ListFormBody>
<ListFormClosing><HTML><![CDATA[
</SPAN>]]></HTML>
<Switch><Expr><GetVar Name="HTMLFormName"/></Expr>
<Case Value=""><HTML><![CDATA[</form>]]></HTML></Case>
</Switch>
<HTML><![CDATA[
<SCRIPT>
function OnLoadWrapper()
{
    try
    {
        if (null != document.all.onetidApproved)
            frm.InitFormFields();
        else
            frm.SetFirstFocus();
    }
    catch(e)
    {
    }
}
if ((browseris.ie4up) && !browseris.mac) 
{
    document.body.onload = OnLoadWrapper;
}
else 
{
    frm.SetFirstFocus();
}
</SCRIPT>
]]></HTML>
</ListFormClosing>
                     </Form>
                     <Form Type="NewForm" Url="Forms/Upload.aspx" WebPartZoneID="Main">
<ListFormOpening><HTML><![CDATA[
<SCRIPT>
var frm = new OWSForm(]]></HTML><ScriptQuote><Switch><Expr><GetVar Name="HTMLFormName"/></Expr><Case Value=""><HTML><![CDATA[OWSForm]]></HTML></Case><Default><GetVar Name="HTMLFormName"/></Default></Switch></ScriptQuote><HTML><![CDATA[, true, ]]></HTML><ScriptQuote><HttpVDir/><HTML>/_layouts/</HTML></ScriptQuote><HTML><![CDATA[);
</SCRIPT>
]]></HTML>
<HTML><![CDATA[<SCRIPT>]]></HTML>
<HTML><![CDATA[ frm.dopt.chDateSep = ]]></HTML><ScriptQuote><LocaleInfo LCTYPE="29"/></ScriptQuote><HTML><![CDATA[; frm.dopt.chTimeSep = ]]></HTML><ScriptQuote><LocaleInfo LCTYPE="30"/></ScriptQuote><HTML><![CDATA[; frm.dopt.SetTimeFormat(]]></HTML><ProjectProperty Select="Time24"/><HTML><![CDATA[); frm.dopt.SetDateOrder(]]></HTML><LocaleInfo LCTYPE="33"/><HTML><![CDATA[); frm.dopt.SetDOW(]]></HTML><LocaleInfo LCTYPE="4108"/> <HTML><![CDATA[); frm.dopt.stAM = ]]></HTML><ScriptQuote><LocaleInfo LCTYPE="40"/></ScriptQuote><HTML><![CDATA[; frm.dopt.stPM = ]]></HTML><ScriptQuote><LocaleInfo LCTYPE="41"/></ScriptQuote><HTML><![CDATA[; frm.dopt.TimeMarkPosn = ]]></HTML><LocaleInfo LCTYPE="4101"/><HTML><![CDATA[; frm.dopt.webTZOffsetMin = ]]></HTML><ProjectProperty Select="TimeZoneBias"/><HTML><![CDATA[; ]]></HTML>
<HTML><![CDATA[ frm.nopt.chDigSep = ]]></HTML><ScriptQuote><LocaleInfo LCTYPE="15"/></ScriptQuote><HTML><![CDATA[; frm.nopt.chDecimal = ]]></HTML><ScriptQuote><LocaleInfo LCTYPE="14"/></ScriptQuote><HTML><![CDATA[; frm.nopt.chMinus = ]]></HTML><ScriptQuote><LocaleInfo LCTYPE="81"/></ScriptQuote><HTML><![CDATA[; frm.nopt.iNegNumber = ]]></HTML><LocaleInfo LCTYPE="4112"/><HTML><![CDATA[; frm.nopt.SetGrouping(]]></HTML><ScriptQuote><LocaleInfo LCTYPE="16"/></ScriptQuote><HTML><![CDATA[); ]]></HTML>
<HTML><![CDATA[
frm.stFieldPrefix = ]]></HTML><ScriptQuote><FieldPrefix/></ScriptQuote><HTML><![CDATA[;
frm.stImagesPath = ]]></HTML><ScriptQuote>/_layouts/images/</ScriptQuote><HTML><![CDATA[;
frm.wBaseType = ]]></HTML><ListProperty Select="BaseType"/><HTML><![CDATA[;
</SCRIPT>]]></HTML>
<HTML><![CDATA[
<Script>
function SetAction()
{
	var theForm = document.forms[]]></HTML><ScriptQuote><Switch><Expr><GetVar Name="HTMLFormName"/></Expr><Case Value=""><HTML><![CDATA[OWSForm]]></HTML></Case><Default><GetVar Name="HTMLFormName"/></Default></Switch></ScriptQuote><HTML><![CDATA[];
]]></HTML>
      <Switch>
       <Expr><GetVar Name="Type"/></Expr>
       <Case Value="1">
        <HTML>theForm.action = </HTML><ScriptQuote><HttpPath/></ScriptQuote><HTML><![CDATA[;
        document.title = L_NewFormClickOnce1_Text;
        if (browseris.ie || browseris.nav6up)
        {
            var titleElt = document.getElementById("onetidTextTitle");
            if (titleElt != null)
                titleElt.innerHTML = L_NewFormClickOnce1_Text; 
        }
        theForm.encoding = "application/x-www-form-urlencoded";]]></HTML>
       </Case>
       <Default>
        <HTML>
         theForm.action = "</HTML><HttpVDir/><HTML>/_vti_bin/shtml.dll/</HTML><PageUrl WebRel="TRUE"/><HTML><![CDATA[";
]]></HTML>
       </Default>
      </Switch>
     <HTML><![CDATA[
}
	g_MSclicked = false;
	function ClickOnce()
	{
		SetAction();
		if(!g_MSclicked)
		{
			if(frm.ValidateAndSubmit(true))
				g_MSclicked = true;
		}
		else
		{
			if(confirm(L_ClickOnce1_text ))
				frm.ValidateAndSubmit(true);
		}
	}
    SetAction();
</Script>
]]></HTML>
<Switch><Expr><GetVar Name="HTMLFormName"/></Expr><Case Value=""><HTML><![CDATA[<Form Name="OWSForm" id=OWSForm EncType="multipart/form-data" Action="]]></HTML><HttpPath/><HTML><![CDATA[" Method=POST onSubmit="return false;">]]></HTML></Case></Switch>
<HTML><![CDATA[
<INPUT Type=Hidden Name="_charset_" Value="utf-8">
<INPUT ID=onetidCmd Type=Hidden Name="Cmd" Value="Save">
<INPUT ID=onetidIsFormValid type=hidden name="IsFormValid">
<INPUT ID=onetidFormWasPosted type=hidden name="FormWasPosted">
<INPUT ID="MustUpdateForm" type=hidden name="MustUpdateForm" value="true">
<INPUT type=hidden name="NextID" id="NextID" value="-1">
<INPUT type=hidden name="NextUsing" id="NextUsing" value="]]></HTML><GetVar Name="Source" HTMLEncode="TRUE"/><HTML><![CDATA[">
]]></HTML>
<HTML><![CDATA[<SPAN id='part1'>]]></HTML>
<Identity/>
</ListFormOpening>
<ListFormButtons>
    <Switch>
    <Expr><ListProperty Select="ModeratedList"/></Expr>
    <Case Value="0"/>
    <Default>
        <HTML><![CDATA[<table border=0><tr><td valign=top class="ms-propertysheet" style="padding-bottom: 10px"><font color=red><b>!&nbsp;</b></font>]]></HTML>
        <HTML>Items on this list require content approval. Your submission will not appear in public views until approved by someone with proper rights.</HTML>
        <HTML><![CDATA[ <a HREF=javascript:HelpWindowKey("ContentApproval")>]]></HTML>
        <HTML>More information on content approval.</HTML>
        <HTML><![CDATA[</A>]]></HTML>
        <HTML><![CDATA[</td></tr></table>]]></HTML>
    </Default>
    </Switch>
<HTML><![CDATA[
  <TABLE id=toolBarTbl class="ms-toolbar" style="margin-left: 3px;" cellpadding=2 cellspacing=0 border=0>
   <TR>
      <TD class="ms-toolbar"> <table cellpadding=1 cellspacing=0 border=0> <tr> <td class="ms-toolbar" nowrap> <a tabindex=2 ID=diidIOSaveItem class="ms-toolbar" title=]]></HTML><HTML>"Save and Close"</HTML><HTML><![CDATA[ ACCESSKEY=S href="javascript:DocumentUpload()" target="_self"> <img src="/_layouts/images/saveitem.gif" ID="tbbuttonstart1" alt=]]></HTML><HTML>"Save and Close"</HTML><HTML><![CDATA[ border=0 width=16 height=16></a></td> <td nowrap> <a tabindex=2 ID=diidIOSaveItem class="ms-toolbar" ACCESSKEY=S href="javascript:DocumentUpload()" target="_self">
      <LocID ID="L_NewFormSaveClose">
    ]]></HTML>
      <HTML>Save and Close</HTML>
    <HTML><![CDATA[  
      </LocID>
      </td>
      </tr>
      </table>
    </TD>
    <TD class=ms-separator>|</TD>
    <TD class="ms-toolbar">
       <table cellpadding=1 cellspacing=0 border=0>
         <tr>
           <td colspan=2 nowrap>
             <a tabindex=2 class="ms-toolbar" ACCESSKEY=G ID=diidIOGoBack href="]]></HTML><ListProperty Select="DefaultViewUrl"/><HTML><![CDATA[" onclick="javascript:GoBack(']]></HTML><ScriptQuote NotAddingQuote="TRUE"><ListProperty Select="DefaultViewUrl"/></ScriptQuote><HTML><![CDATA[');javascript:return false;" target="_self">
               <LocID ID="L_NewFormGoBack">]]></HTML><HTML>Go Back to Gallery</HTML><HTML><![CDATA[</LocID>
             </a>
           </td>
         </tr>
       </table>
    </TD>
    <td width=100%><IMG SRC="/_layouts/images/blank.gif" width=1 height=1 alt=""></td>
   </TR>
  </TABLE>
  <table width=100% border=0 cellpadding=0 cellspacing=2>
   <tr>
    <td  colspan=3 height=3><IMG SRC="/_layouts/images/blank.gif" width=1 height=3 alt=""></td>
   </tr>
  </table>
  <font size=1><br></font>
  ]]></HTML>
</ListFormButtons>
<ListFormBody>
<HTML><![CDATA[<TABLE border=0 cellpadding=2 WIDTH="100%" id="formTbl">
]]></HTML>
      <Switch>
       <Expr><GetVar Name="Type"/></Expr>
       <Case Value="1">
        <HTML><![CDATA[
         <INPUT type=hidden name="Type" value="1">
         <INPUT type=hidden name="RootFolder" value="]]></HTML><GetVar Name="RootFolder" HTMLEncode="TRUE"/><HTML>"&gt;
        </HTML>
       </Case>
       <Default>
        <HTML><![CDATA[
        <TR id=OverwriteField>
        <TH class="ms-formlabel" ID="newformtb1"><nobr>]]></HTML><HTML>Overwrite existing file(s)?</HTML><HTML><![CDATA[</nobr>
        <INPUT type=hidden name="putopts" id=putopts value="true">
        <SCRIPT>
        function setputopts()
        {
            var formElement = document.forms[]]></HTML><ScriptQuote><Switch><Expr><GetVar Name="HTMLFormName"/></Expr><Case Value=""><HTML>OWSForm</HTML></Case><Default><GetVar Name="HTMLFormName"/></Default></Switch></ScriptQuote><HTML><![CDATA[];
            formElement.putopts.value = formElement.overwrite.checked ? "true" : "false";
        }
        </SCRIPT>
        </TH>
        <TD class="ms-formbody" width="100%">
        <INPUT TYPE=CHECKBOX name="overwrite" id=overwrite  value="true" CHECKED onclick="setputopts()" tabindex=1 title="]]><![CDATA[Overwrite]]><![CDATA[">
        <INPUT type="hidden" name="destination" id=destination value="]]></HTML>
        <Switch>
          <Expr><GetVar Name="RootFolder"/></Expr>
          <Case Value=""><ListUrlDir ForInstance="TRUE" HTMLEncode="TRUE"/></Case>
          <Default>
          <GetVar Name="RootFolder" HTMLEncode="TRUE"/>
          </Default>
        </Switch>
        <HTML><![CDATA[">
        <INPUT type="hidden" name="Confirmation-URL" id=Confirmation-URL value="]]></HTML>
        <Switch>
          <Expr><GetVar Name="Source"/></Expr>
          <Case Value=""><ListProperty Select="DefaultViewUrl" HTMLEncode="TRUE"/></Case>
          <Default><GetVar Name="Source" HTMLEncode="TRUE"/></Default>
        </Switch>
        <HTML><![CDATA["></TD></TR>]]></HTML>
       </Default>
      </Switch>
      <Fields>
       <Switch>
        <Expr><GetVar Name="Type"/><Property Select="Hidden"/></Expr>
        <Case Value="1">
         <Switch><Expr><Property Select="Name"/></Expr>
          <Case Value="FileLeafRef">
           <SetVar Name="ShowField" Scope="Request">1</SetVar>
          </Case>
          <Default>
           <SetVar Name="ShowField" Scope="Request">0</SetVar>
          </Default>
         </Switch>
        </Case>
       </Switch>
       <Switch>
        <Expr><GetVar Name="ShowField"/></Expr>
        <Case Value="0"/>
        <Default>
    <HTML><![CDATA[<TR><TH nowrap valign=top class="ms-formlabel"><nobr>]]></HTML>
    <Property Select="DisplayName" HTMLEncode="TRUE" AutoNewLine="TRUE"/>
    <Switch>
      <Expr><Property Select="Required"/></Expr>
      <Case Value="TRUE">
        <HTML><![CDATA[<font color=red> *</font>]]></HTML>
        <SetVar Scope="Request" Name="HasRequired">TRUE</SetVar>
      </Case>
    </Switch>
    <HTML><![CDATA[</nobr></TH><TD class="ms-formbody" style="padding-left:5px">]]></HTML>
    <Field/>
    <Switch>
      <Expr><Property Select="RichText"/></Expr>
      <Case Value="TRUE"/>
      <Default>
        <Switch>
          <Expr><Property Select="Type"/></Expr>
          <Case Value="Choice"/>
          <Case Value="MultiChoice"/>
          <Default>
            <HTML><![CDATA[&nbsp;]]></HTML>
            <Switch>
              <Expr><Property Select="NoEditFormBreak"/></Expr>
              <Case Value="TRUE"/>
              <Default>
                <HTML><![CDATA[<br>]]></HTML>
              </Default>
            </Switch>
          </Default>
        </Switch>
      </Default>
    </Switch>
    <HTML><![CDATA[<SPAN class="ms-formdescription">]]></HTML>
    <Property Select="Description" HTMLEncode="TRUE" AutoHyperLink="TRUE" AutoNewLine="TRUE"/>
    <HTML><![CDATA[</SPAN></TD></TR>]]></HTML>
        </Default>
       </Switch>
      </Fields>
<HTML><![CDATA[</TABLE>]]></HTML>
      <Switch>
        <Expr><GetVar Name="HasRequired"/></Expr>
        <Case Value="TRUE"><HTML><![CDATA[
          <TABLE border=0 cellpadding=2>
          <TR>
            <TD id=reqdFldTxt class="ms-descriptiontext" colspan=2 height=150px valign=top><br><font color=red>*</font> 
             &nbsp;]]></HTML><HTML>indicates a required field</HTML><HTML><![CDATA[
            </TD>
          </TR>
          </TABLE>
          ]]></HTML>
        </Case>
      </Switch>
</ListFormBody>
<ListFormClosing>
<HTML><![CDATA[
</SPAN>]]></HTML>
<Switch><Expr><GetVar Name="HTMLFormName"/></Expr>
<Case Value=""><HTML><![CDATA[</form>]]></HTML></Case>
</Switch>
<HTML><![CDATA[
<SCRIPT>
var formName= ]]></HTML><ScriptQuote><GetVar Name="HTMLFormName"/></ScriptQuote><HTML><![CDATA[;
function OnLoadWrapper()
{
    if (null != document.all.onetidIOFile)
    {
        try
        {
            frm.InitFormFields();
            document.all.onetidIOFile.focus();
        }
        catch(e)
        {
        }
    }
}
if ((browseris.ie4up) && !browseris.mac)
{
    document.body.onload = OnLoadWrapper;
}
else
{
    frm.SetFirstFocus();
}
]]></HTML>
  <Switch>
    <Expr><GetVar Name="Type"/></Expr>
    <Case Value="1"/> 
    <Default>
      <HTML><![CDATA[
        RemoveMultipleUploadItems();
      ]]></HTML>
    </Default>
  </Switch>
<HTML><![CDATA[
</SCRIPT>
]]></HTML>
</ListFormClosing>
                     </Form>
                   </Forms>
                   <DefaultDescription>
                        Make a template available for use in list creation by adding it to this gallery. The templates in this gallery are available to this site and all sites under it. Default list templates are not shown.
                   </DefaultDescription>
<Toolbar Type="RelatedTasks">
<HTML><![CDATA[
<TABLE width=100% cellpadding=0 cellspacing=2 BORDER=0>
<TR><TD width=100% ID="L_RelatedTasks">Actions</TD></TR>
<TR><TD class="ms-navline"><IMG SRC="/_layouts/images/blank.gif" width=1 height=1 alt=""></TD></TR>
]]></HTML><Switch><Expr><GetVar Name="HasPortal"/></Expr><Case Value="TRUE"><HTML><![CDATA[ <tr> <td style="padding-left: 2px;padding-bottom: 2px" width=100%> <table border=0 cellpadding=0 cellspacing=0 width=100%> <tr> <td width=100% class="ms-unselectednav" colspan=2> <table cellpadding=0 cellspacing=0 border=0> <tr> <td valign=top> <img src="/_layouts/images/rect.gif">&nbsp; </td> <td><A ACCESSKEY="M" ID="diidPinToMyPage" HREF='javascript:PortalPinToMyPage(document.forms[MSOWebPartPageFormName], ]]></HTML><ScriptQuote><ProjectProperty Select="PortalUrl"/></ScriptQuote><HTML><![CDATA[, ]]></HTML><ScriptQuote><MeetingProperty Select="InstanceID"/></ScriptQuote><HTML><![CDATA[)'>]]></HTML><HTML>Add to My Links</HTML><HTML><![CDATA[</A></td> </tr> </table> </td> </tr> </table> </td> </tr> <INPUT Type="Hidden" Name="ListTitle" Value="]]></HTML><ListProperty Select="Title" HTMLEncode="TRUE"/><HTML><![CDATA["><INPUT Type="Hidden" Name="ListDescription" Value="]]></HTML><ListProperty Select="Description" HTMLEncode="TRUE"/><HTML><![CDATA["><INPUT Type="Hidden" Name="ListViewUrl" Value="]]></HTML><PageUrl HTMLEncode="TRUE"/><HTML><![CDATA["><INPUT Type="Hidden" Name="BaseType" Value="]]></HTML><ListProperty Select="BaseType"/><HTML><![CDATA["><INPUT Type="Hidden" Name="ServerTemplate" Value="]]></HTML><ListProperty Select="ServerTemplate"/><HTML><![CDATA["><INPUT Type="Hidden" Name="ReturnUrl" Value=""> ]]></HTML></Case></Switch><HTML><![CDATA[
<tr> <td style="padding-left: 2px;padding-bottom: 2px" width=100%> <table border=0 cellpadding=0 cellspacing=0 width=100%> <tr> <td width=100% class="ms-unselectednav" colspan=2> <table cellpadding=0 cellspacing=0 border=0> <tr> <td valign=top> <img src="/_layouts/images/rect.gif">&nbsp; </td> <td><A ACCESSKEY="B" ID="diidSubscribeButton" HREF="]]></HTML><HttpVDir/><HTML><![CDATA[/_layouts/<%=System.Threading.Thread.CurrentThread.CurrentUICulture.LCID%>/SubNew.aspx?List=]]></HTML><List/><HTML><![CDATA[">]]></HTML><HTML>Alert me</HTML><HTML><![CDATA[</A></td> </tr> </table> </td> </tr> </table> </td> </tr>
<tr> <td style="padding-left: 2px;padding-bottom: 2px" width=100%> <table border=0 cellpadding=0 cellspacing=0 width=100%> <tr> <td width=100% class="ms-unselectednav" colspan=2> <table cellpadding=0 cellspacing=0 border=0> <tr> <td valign=top> <img src="/_layouts/images/rect.gif" onerror=CatchCreateError onload="EnsureSSImporter()">&nbsp; </td> <td><A ACCESSKEY="P" ID="diidIOExportToSpreadsheet" HREF="javascript:" onclick="javaScript:ExportList(']]></HTML><HttpPath/><HTML><![CDATA[&Using=_layouts/query.iqy&List=]]></HTML><List/><HTML><![CDATA[&View=]]></HTML><GetVar Name='View'/><HTML><![CDATA[&RootFolder=]]></HTML><GetVar Name='RootFolder' URLEncode="TRUE"/><HTML><![CDATA[&CacheControl=1');javascript:return false;">]]></HTML><HTML>Export to spreadsheet</HTML><HTML><![CDATA[</A></td> </tr> </table> </td> </tr> </table> </td> </tr>
<tr> <td style="padding-left: 2px;padding-bottom: 2px" width=100%> <table border=0 cellpadding=0 cellspacing=0 width=100%> <tr> <td width=100% class="ms-unselectednav" colspan=2> <table cellpadding=0 cellspacing=0 border=0> <tr> <td valign=top> <img src="/_layouts/images/rect.gif">&nbsp; </td> <td><A ACCESSKEY="C" ID="diidCustomizeButton" HREF="]]></HTML><HttpVDir/><HTML><![CDATA[/_layouts/<%=System.Threading.Thread.CurrentThread.CurrentUICulture.LCID%>/listedit.aspx?List=]]></HTML><List/><HTML><![CDATA[">]]></HTML><HTML>Modify settings and columns</HTML><HTML><![CDATA[</A></td> </tr> </table> </td> </tr> </table> </td> </tr>
</TABLE>
]]></HTML>
</Toolbar>
               </MetaData>
            </List>
