<?xml version="1.0"?>
<Breadcrumb>
	<Segment IPLIT="Y" PATENT="Y" TAX="Y" CORP="Y" ORDER="1">
		<Text>Fenwick &amp; West Employee Portal</Text>
		<Link>http://svcspsstage01/default.aspx</Link>
	</Segment>
	<Segment IPLIT="Y" PATENT="Y" TAX="Y" CORP="Y" ORDER="2">
	    <Text>Practice Groups</Text>
	    <Link>http://svcspsstage01/Practice%20Groups/default.aspx</Link>
	</Segment>
	<Segment IPLIT="Y" PATENT="N" TAX="N" CORP="N" ORDER="4">
	    <Text>IP &amp; Technology Litigation Group</Text>
	    <Link>http://svcspsstage01/C14/IP%20%20Technology/default.aspx</Link>
	</Segment>
	<Segment IPLIT="Y" PATENT="N" TAX="N" CORP="N" ORDER="3">
	    <Text>Litigation</Text>
	    <Link>http://svcspsstage01/C9/Litigation/default.aspx</Link>
	</Segment>
	<Segment IPLIT="N" PATENT="Y" TAX="N" CORP="N" ORDER="3">
	    <Text>Patent</Text>
	    <Link>http://svcspsstage01/C5/Patent/default.aspx</Link>
	</Segment>
</Breadcrumb>
