<?xml version="1.0"?><!DOCTYPE Menu []>
<Menu>
	<Item IPLIT="Y" PATENT="Y">
		<ItemText>- Select a Client -</ItemText>
		<SiteName></SiteName>
	</Item>
	<Item IPLIT="N" PATENT="Y">
	    <ItemText>Adaptec, Inc.</ItemText>
	    <SiteName>Adaptec</SiteName>
	</Item>
	<Item IPLIT="Y" PATENT="Y">
		<ItemText>Apple Computer, Inc.</ItemText>
		<SiteName>Apple</SiteName>
	</Item>
	<Item IPLIT="N" PATENT="Y">
	    <ItemText>Barclays Global Investors, N.A.</ItemText>
	    <SiteName>Barclays</SiteName>
	</Item>
	<Item IPLIT="Y" PATENT="Y">
		<ItemText>Cisco Systems, Inc.</ItemText>
		<SiteName>Cisco</SiteName>
	</Item>
	<Item IPLIT="N" PATENT="Y">
	    <ItemText>Electronic Arts, Inc.</ItemText>
	    <SiteName>ElectronicArts</SiteName>
	</Item>
	<Item IPLIT="N" PATENT="Y">
	    <ItemText>Finisar Corporation</ItemText>
	    <SiteName>Finisar</SiteName>
	</Item>
	<Item IPLIT="N" PATENT="Y">
	    <ItemText>Flextronics Corporation</ItemText>
	    <SiteName>Flextronics</SiteName>
	</Item>
	<Item IPLIT="Y" PATENT="Y">
		<ItemText>Google, Inc.</ItemText>
		<SiteName>Google</SiteName>
	</Item>
	<Item IPLIT="Y" PATENT="Y">
		<ItemText>Interwoven, Inc.</ItemText>
		<SiteName>Interwoven</SiteName>
	</Item>
	<Item IPLIT="Y" PATENT="Y">
		<ItemText>Intuit, Inc.</ItemText>
		<SiteName>Intuit</SiteName>
	</Item>
	<Item IPLIT="N" PATENT="Y">
	    <ItemText>Lexar Media Inc.</ItemText>
	    <SiteName>Lexar</SiteName>
	</Item>
	<Item IPLIT="Y" PATENT="Y">
		<ItemText>Logitech, Inc.</ItemText>
		<SiteName>Logitech</SiteName>
	</Item>
	<Item IPLIT="Y" PATENT="Y">
		<ItemText>Magma Design Automation, Inc.</ItemText>
		<SiteName>Magma_Design</SiteName>
	</Item>
	<Item IPLIT="N" PATENT="Y">
	    <ItemText>Opsware Inc.</ItemText>
	    <SiteName>Opsware</SiteName>
	</Item>
	<Item IPLIT="N" PATENT="Y">
	    <ItemText>Ricoh Corporation</ItemText>
	    <SiteName>Ricoh</SiteName>
	</Item>
	<Item IPLIT="N" PATENT="Y">
	    <ItemText>ServerWorks Corp.</ItemText>
	    <SiteName>ServerWorks</SiteName>
	</Item>
	<Item IPLIT="N" PATENT="Y">
	    <ItemText>Silicon Image, Inc.</ItemText>
	    <SiteName>SiliconImage</SiteName>
	</Item>
	<Item IPLIT="N" PATENT="Y">
	    <ItemText>Sun Microsystems, Inc.</ItemText>
	    <SiteName>SunMicro</SiteName>
	</Item>
	<Item IPLIT="Y" PATENT="Y">
		<ItemText>Symantec Corporation</ItemText>
		<SiteName>Symantec</SiteName>
	</Item>
	<Item IPLIT="Y" PATENT="Y">
		<ItemText>Synopsys, Inc.</ItemText>
		<SiteName>Synopsys</SiteName>
	</Item>
	<Item IPLIT="Y" PATENT="Y">
		<ItemText>Verisign, Inc.</ItemText>
		<SiteName>Verisign</SiteName>
	</Item>
	<Item IPLIT="N" PATENT="Y">
	    <ItemText>Virgin Group</ItemText>
	    <SiteName>VirginGroup</SiteName>
	</Item>
	<Item IPLIT="Y" PATENT="Y">
		<ItemText>Xilinx, Inc.</ItemText>
		<SiteName>Xilinx</SiteName>
	</Item>
	<Item IPLIT="N" PATENT="N">
		<ItemText>Spacely Sprockets</ItemText>
		<SiteName>SpacelySprockets</SiteName>
	</Item>
</Menu>